"review_id","field_key","page_or_source","per_page_version","live_tab_version","status","recommended_action","review_notes","coverage","source_sheet_id","source_row","source_key_cell","source_copy_cell","source_copy_cell_present","source_notes","source_status","mapped_live_field_keys_json","live_rows_json","live_versions_json","live_fill_hex_json","live_approval_observation_json","mapping_basis","mapping_evidence","review_required","decision_template","review_decision","merged_version","reviewer_notes"
"R0001","/nav/home","00_GLOBAL","Home","Home","identical","keep_live","Live copy cell has yellow fill (owner describes as unapproved); matching wording does not imply approval.","per_page","536219855","1","A1","B1","True","","","[""/nav/home""]","[232]","[""Home""]","[""#FFFF00""]","[""yellow_unapproved""]","exact_key","","True","Approve live version | Adopt per-page version | Use a merged version (enter merged_version) | Escalate / needs clarification","","",""
"R0002","/nav/tours","00_GLOBAL","Tours","Tours","identical","keep_live","Live copy cell has yellow fill (owner describes as unapproved); matching wording does not imply approval. Shared live destination /nav/tours also targeted by R0040. Resolve decisions together to avoid conflicting writes.","per_page","536219855","2","A2","B2","True","","","[""/nav/tours""]","[233]","[""Tours""]","[""#FFFF00""]","[""yellow_unapproved""]","exact_key","","True","Approve live version | Adopt per-page version | Use a merged version (enter merged_version) | Escalate / needs clarification","","",""
"R0003","/nav/about","00_GLOBAL","About","About","identical","keep_live","Live copy cell has yellow fill (owner describes as unapproved); matching wording does not imply approval.","per_page","536219855","3","A3","B3","True","","","[""/nav/about""]","[234]","[""About""]","[""#FFFF00""]","[""yellow_unapproved""]","exact_key","","True","Approve live version | Adopt per-page version | Use a merged version (enter merged_version) | Escalate / needs clarification","","",""
"R0004","/nav/resources","00_GLOBAL","Resources","Resources","identical","keep_live","Live copy cell has yellow fill (owner describes as unapproved); matching wording does not imply approval. Shared live destination /nav/resources also targeted by R0120. Resolve decisions together to avoid conflicting writes.","per_page","536219855","4","A4","B4","True","","","[""/nav/resources""]","[235]","[""Resources""]","[""#FFFF00""]","[""yellow_unapproved""]","exact_key","","True","Approve live version | Adopt per-page version | Use a merged version (enter merged_version) | Escalate / needs clarification","","",""
"R0005","/nav/contact","00_GLOBAL","Contact","Contact","identical","needs_decision","Live copy cell has yellow fill (owner describes as unapproved); matching wording does not imply approval. Shared live destination /nav/contact also targeted by R0055. Resolve decisions together to avoid conflicting writes.","per_page","536219855","5","A5","B5","True","","","[""/nav/contact""]","[236]","[""Contact""]","[""#FFFF00""]","[""yellow_unapproved""]","exact_key","","True","Approve live version | Adopt per-page version | Use a merged version (enter merged_version) | Escalate / needs clarification","","",""
"R0006","/nav/mobile_toggle","00_GLOBAL","Menu","","not_found_in_live","needs_decision","No live field or defensible role mapping found. New fields need a reader and manifest coordination; do not append blindly. Text exists as an explicit literal in Header/BaseLayout and is exempted by the copy verifier; no Sheet field. Owner must decide whether to make it Sheet-controlled.","per_page","536219855","6","A6","B6","True","","","[]","[]","[]","[]","[]","unmapped","","True","Approve live version | Adopt per-page version | Use a merged version (enter merged_version) | Escalate / needs clarification","","",""
"R0007","/a11y/skip_link","00_GLOBAL","Skip to main content","","not_found_in_live","needs_decision","No live field or defensible role mapping found. New fields need a reader and manifest coordination; do not append blindly. Text exists as an explicit literal in Header/BaseLayout and is exempted by the copy verifier; no Sheet field. Owner must decide whether to make it Sheet-controlled.","per_page","536219855","7","A7","B7","True","","","[]","[]","[]","[]","[]","unmapped","","True","Approve live version | Adopt per-page version | Use a merged version (enter merged_version) | Escalate / needs clarification","","",""
"R0008","/footer/explore_heading","00_GLOBAL","Explore","Explore","identical","keep_live","Field key structure differs; proposed role mapping must be reviewed: /footer/explore_heading -> /footer/nav_explore_heading. Live copy cell has yellow fill (owner describes as unapproved); matching wording does not imply approval.","per_page","536219855","8","A8","B8","True","","","[""/footer/nav_explore_heading""]","[54]","[""Explore""]","[""#FFFF00""]","[""yellow_unapproved""]","proposed_role_alias","scripts/copy/generate-ts.mjs","True","Approve live version | Adopt per-page version | Use a merged version (enter merged_version) | Escalate / needs clarification","","",""
"R0009","/footer/legal_heading","00_GLOBAL","Legal","Legal","identical","keep_live","Field key structure differs; proposed role mapping must be reviewed: /footer/legal_heading -> /footer/nav_legal_heading. Live copy cell has yellow fill (owner describes as unapproved); matching wording does not imply approval.","per_page","536219855","9","A9","B9","True","","","[""/footer/nav_legal_heading""]","[55]","[""Legal""]","[""#FFFF00""]","[""yellow_unapproved""]","proposed_role_alias","scripts/copy/generate-ts.mjs","True","Approve live version | Adopt per-page version | Use a merged version (enter merged_version) | Escalate / needs clarification","","",""
"R0010","/staging-banner","00_GLOBAL","","","not_found_in_live","needs_decision","No live field or defensible role mapping found. New fields need a reader and manifest coordination; do not append blindly. Per-page B cell is missing from the values response (blank); this is not approval to delete live copy. Staging banner is blank here and absent from the live tab; nonblank banner exists as a literal in src/layouts/BaseLayout.astro. No source text to adopt.","per_page","536219855","10","A10","B10","False","","","[]","[]","[]","[]","[]","unmapped","","True","Approve live version | Adopt per-page version | Use a merged version (enter merged_version) | Escalate / needs clarification","","",""
"R0011","/home/hero/heading","00_GLOBAL","Choose your own bike adventure in France?","Choose your own bike adventure in France?","identical","keep_live","Field key structure differs; proposed role mapping must be reviewed: /home/hero/heading -> /hero/heading.","per_page","536219855","11","A11","B11","True","","","[""/hero/heading""]","[5]","[""Choose your own bike adventure in France?""]","[""#FFFFFF""]","[""white_no_explicit_approval""]","proposed_role_alias","scripts/copy/generate-ts.mjs","True","Approve live version | Adopt per-page version | Use a merged version (enter merged_version) | Escalate / needs clarification","","",""
"R0012","/home/hero/body1","00_GLOBAL","Join us for a small group cycling tour of the historic Canal des Deux Mers between Bordeaux on the Atlantic and Sète on the Mediterranean. We roll in the Spring and Fall of 2027. Or, do the same tour on your own and we'll help with remote support.","Join us for a small group guided tour of the historic Canal des Deux Mers between Bordeaux on the Atlantic and Sète on the Mediterranean! We roll in the Spring and Fall of 2027. Or, do the same tour on your own and we'll help with remote support.","divergent","adopt_per_page","Field key structure differs; proposed role mapping must be reviewed: /home/hero/body1 -> /hero/body_1.","per_page","536219855","12","A12","B12","True","","","[""/hero/body_1""]","[6]","[""Join us for a small group guided tour of the historic Canal des Deux Mers between Bordeaux on the Atlantic and Sète on the Mediterranean! We roll in the Spring and Fall of 2027. Or, do the same tour on your own and we'll help with remote support.""]","[""#FFFFFF""]","[""white_no_explicit_approval""]","proposed_role_alias","scripts/copy/generate-ts.mjs","True","Approve live version | Adopt per-page version | Use a merged version (enter merged_version) | Escalate / needs clarification","","",""
"R0013","/home/hero/body2","00_GLOBAL","I love bike touring in France. And I love to help fellow bike travelers have great trips. Join one of my small groups or buy a package so you can do the tour on your own (package coming soon.) Or, if you want a hand planning your own bike adventure in France and just want my coaching send me an email. I charge $250 for a 50-minute planning session that includes two follow up emails.","I love bike touring in France. And I love to help fellow bike travelers have great trips! Roll with one of my small groups or buy a package so you can do the tour on your own (package coming soon!) Or, if you want a hand planning your own bike adventure in France and just want my coaching send me an email. I charge $250 for a 50-minute planning session that includes two follow up emails.","divergent","adopt_per_page","Field key structure differs; proposed role mapping must be reviewed: /home/hero/body2 -> /hero/body_2. Coaching price $250 is retained verbatim; this is not a conflicting tour price. /hero/body_2 has the same coaching amount.","per_page","536219855","13","A13","B13","True","","","[""/hero/body_2""]","[7]","[""I love bike touring in France. And I love to help fellow bike travelers have great trips! Roll with one of my small groups or buy a package so you can do the tour on your own (package coming soon!) Or, if you want a hand planning your own bike adventure in France and just want my coaching send me an email. I charge $250 for a 50-minute planning session that includes two follow up emails.""]","[""#FFFFFF""]","[""white_no_explicit_approval""]","proposed_role_alias","scripts/copy/generate-ts.mjs","True","Approve live version | Adopt per-page version | Use a merged version (enter merged_version) | Escalate / needs clarification","","",""
"R0014","/home/readyToRide/heading","00_GLOBAL","Ready to ride?","Ready to ride?","identical","keep_live","Field key structure differs; proposed role mapping must be reviewed: /home/readyToRide/heading -> /ready-to-ride/heading.","per_page","536219855","14","A14","B14","True","","","[""/ready-to-ride/heading""]","[10]","[""Ready to ride?""]","[""#FFFFFF""]","[""white_no_explicit_approval""]","proposed_role_alias","scripts/copy/generate-ts.mjs","True","Approve live version | Adopt per-page version | Use a merged version (enter merged_version) | Escalate / needs clarification","","",""
"R0015","/home/readyToRide/summary1","00_GLOBAL","Cross southwest France by bike along the great canals.","Cross France by bike along the great canals.","divergent","adopt_per_page","Field key structure differs; proposed role mapping must be reviewed: /home/readyToRide/summary1 -> /ready-to-ride/summary_1.","per_page","536219855","15","A15","B15","True","","","[""/ready-to-ride/summary_1""]","[11]","[""Cross France by bike along the great canals.""]","[""#FFFFFF""]","[""white_no_explicit_approval""]","proposed_role_alias","scripts/copy/generate-ts.mjs","True","Approve live version | Adopt per-page version | Use a merged version (enter merged_version) | Escalate / needs clarification","","",""
"R0016","/home/readyToRide/summary2","00_GLOBAL","Canal des Deux Mers from Bordeaux (Atlantic) to Sète (Mediterranean) ""CDM""","Canal des Deux Mers from Bordeaux (Atlantic) to Sète (Mediterranean) ""CDM""","identical","keep_live","Field key structure differs; proposed role mapping must be reviewed: /home/readyToRide/summary2 -> /ready-to-ride/summary_2.","per_page","536219855","16","A16","B16","True","","","[""/ready-to-ride/summary_2""]","[12]","[""Canal des Deux Mers from Bordeaux (Atlantic) to Sète (Mediterranean) \""CDM\""""]","[""#FFFFFF""]","[""white_no_explicit_approval""]","proposed_role_alias","scripts/copy/generate-ts.mjs","True","Approve live version | Adopt per-page version | Use a merged version (enter merged_version) | Escalate / needs clarification","","",""
"R0017","/home/readyToRide/summary3","00_GLOBAL","Two Spring 2027 tours","Two Spring 2027 tours","identical","keep_live","Field key structure differs; proposed role mapping must be reviewed: /home/readyToRide/summary3 -> /ready-to-ride/summary_3.","per_page","536219855","17","A17","B17","True","","","[""/ready-to-ride/summary_3""]","[13]","[""Two Spring 2027 tours""]","[""#FFFFFF""]","[""white_no_explicit_approval""]","proposed_role_alias","scripts/copy/generate-ts.mjs","True","Approve live version | Adopt per-page version | Use a merged version (enter merged_version) | Escalate / needs clarification","","",""
"R0018","/home/readyToRide/summary4","00_GLOBAL","Two Fall 2027 tours","Two Fall 2027 tours","identical","keep_live","Field key structure differs; proposed role mapping must be reviewed: /home/readyToRide/summary4 -> /ready-to-ride/summary_4.","per_page","536219855","18","A18","B18","True","","","[""/ready-to-ride/summary_4""]","[14]","[""Two Fall 2027 tours""]","[""#FFFFFF""]","[""white_no_explicit_approval""]","proposed_role_alias","scripts/copy/generate-ts.mjs","True","Approve live version | Adopt per-page version | Use a merged version (enter merged_version) | Escalate / needs clarification","","",""
"R0019","/home/readyToRide/rideFacts","00_GLOBAL","9 ride days. 320+ miles. One rest day in Toulouse.","9 ride days. 320+ miles. One rest day in Toulouse.","identical","keep_live","Field key structure differs; proposed role mapping must be reviewed: /home/readyToRide/rideFacts -> /ready-to-ride/ride_facts.","per_page","536219855","19","A19","B19","True","","","[""/ready-to-ride/ride_facts""]","[15]","[""9 ride days. 320+ miles. One rest day in Toulouse.""]","[""#FFFFFF""]","[""white_no_explicit_approval""]","proposed_role_alias","scripts/copy/generate-ts.mjs","True","Approve live version | Adopt per-page version | Use a merged version (enter merged_version) | Escalate / needs clarification","","",""
"R0020","/home/readyToRide/includedHeading","00_GLOBAL","What's included","What's included;","divergent","adopt_per_page","Field key structure differs; proposed role mapping must be reviewed: /home/readyToRide/includedHeading -> /ready-to-ride/included_heading.","per_page","536219855","20","A20","B20","True","","","[""/ready-to-ride/included_heading""]","[16]","[""What's included;""]","[""#FFFFFF""]","[""white_no_explicit_approval""]","proposed_role_alias","scripts/copy/generate-ts.mjs","True","Approve live version | Adopt per-page version | Use a merged version (enter merged_version) | Escalate / needs clarification","","",""
"R0021","/home/readyToRide/included/1","00_GLOBAL","Ride briefing every morning at breakfast","Ride briefing every morning at breakfast","identical","keep_live","Field key structure differs; proposed role mapping must be reviewed: /home/readyToRide/included/1 -> /ready-to-ride/included_1.","per_page","536219855","21","A21","B21","True","","","[""/ready-to-ride/included_1""]","[17]","[""Ride briefing every morning at breakfast""]","[""#FFFFFF""]","[""white_no_explicit_approval""]","proposed_role_alias","scripts/copy/generate-ts.mjs","True","Approve live version | Adopt per-page version | Use a merged version (enter merged_version) | Escalate / needs clarification","","",""
"R0022","/home/readyToRide/included/2","00_GLOBAL","Lodging for duration of the tour; Ride Day Zero (RD00 - arrival) in Bordeaux through Ride Day 09 (RD09) in Sète.","Lodging for duration of the tour; Ride Day Zero (RD00) (arrival) in Bordeaux through Ride Day 09 (RD09) in Sète.","divergent","adopt_per_page","Field key structure differs; proposed role mapping must be reviewed: /home/readyToRide/included/2 -> /ready-to-ride/included_2.","per_page","536219855","22","A22","B22","True","","","[""/ready-to-ride/included_2""]","[18]","[""Lodging for duration of the tour; Ride Day Zero (RD00) (arrival) in Bordeaux through Ride Day 09 (RD09) in Sète.""]","[""#FFFFFF""]","[""white_no_explicit_approval""]","proposed_role_alias","scripts/copy/generate-ts.mjs","True","Approve live version | Adopt per-page version | Use a merged version (enter merged_version) | Escalate / needs clarification","","",""
"R0023","/home/readyToRide/included/3","00_GLOBAL","Dinners together for all Ride Days except RD04 arrival in Toulouse and RD06, arrival in Carcassonne which are ""Dine on your own"" nights. I've learned these are the places people most want to explore on their own.","Dinners together for all Ride Days except RD04 arrival in Toulouse and RD06, arrival in Carcassonne which are ""Dine on your own"" nights. I've learned these are the places people most want to explore on their own.","identical","keep_live","Field key structure differs; proposed role mapping must be reviewed: /home/readyToRide/included/3 -> /ready-to-ride/included_3.","per_page","536219855","23","A23","B23","True","","","[""/ready-to-ride/included_3""]","[19]","[""Dinners together for all Ride Days except RD04 arrival in Toulouse and RD06, arrival in Carcassonne which are \""Dine on your own\"" nights. I've learned these are the places people most want to explore on their own.""]","[""#FFFFFF""]","[""white_no_explicit_approval""]","proposed_role_alias","scripts/copy/generate-ts.mjs","True","Approve live version | Adopt per-page version | Use a merged version (enter merged_version) | Escalate / needs clarification","","",""
"R0024","/home/readyToRide/included/4","00_GLOBAL","All dinner reservations and host coordination","All dinner reservations and host coordination","identical","keep_live","Field key structure differs; proposed role mapping must be reviewed: /home/readyToRide/included/4 -> /ready-to-ride/included_4.","per_page","536219855","24","A24","B24","True","","","[""/ready-to-ride/included_4""]","[20]","[""All dinner reservations and host coordination""]","[""#FFFFFF""]","[""white_no_explicit_approval""]","proposed_role_alias","scripts/copy/generate-ts.mjs","True","Approve live version | Adopt per-page version | Use a merged version (enter merged_version) | Escalate / needs clarification","","",""
"R0025","/home/readyToRide/included/5","00_GLOBAL","Three dinners with local hosts when we are staying at ""Maison d'Hôtes"" (B&B that serves half-board meaning breakfast and dinner.) We won't eat family style but they will join us for conversation before or after our meal. One couple are British ex-pats and have a great perspective on living in Southwest France.","Three dinners with local hosts when we are staying at ""Maison d'Hôtes"" (B&B that serves half-board meaning breakfast and dinner.) We won't eat family style but they will join us for conversation before or after our meal. One couple are British ex-pats and have a great perspective on living in Southwest France.","identical","keep_live","Field key structure differs; proposed role mapping must be reviewed: /home/readyToRide/included/5 -> /ready-to-ride/included_5.","per_page","536219855","25","A25","B25","True","","","[""/ready-to-ride/included_5""]","[21]","[""Three dinners with local hosts when we are staying at \""Maison d'Hôtes\"" (B&B that serves half-board meaning breakfast and dinner.) We won't eat family style but they will join us for conversation before or after our meal. One couple are British ex-pats and have a great perspective on living in Southwest France.""]","[""#FFFFFF""]","[""white_no_explicit_approval""]","proposed_role_alias","scripts/copy/generate-ts.mjs","True","Approve live version | Adopt per-page version | Use a merged version (enter merged_version) | Escalate / needs clarification","","",""
"R0026","/home/readyToRide/included/6","00_GLOBAL","Routes in special BikeTourFrance.net RideWithGPS tour specific collection","Routes in special BikeTourFrance RideWithGPS tour specific collection","divergent","adopt_per_page","Field key structure differs; proposed role mapping must be reviewed: /home/readyToRide/included/6 -> /ready-to-ride/included_6.","per_page","536219855","26","A26","B26","True","","","[""/ready-to-ride/included_6""]","[22]","[""Routes in special BikeTourFrance RideWithGPS tour specific collection""]","[""#FFFFFF""]","[""white_no_explicit_approval""]","proposed_role_alias","scripts/copy/generate-ts.mjs","True","Approve live version | Adopt per-page version | Use a merged version (enter merged_version) | Escalate / needs clarification","","",""
"R0027","/home/readyToRide/included/7","00_GLOBAL","Information on the route about lunch, water, and restroom options on each day's route.","Information on the route about lunch, water, and restroom options on each day's route.","identical","keep_live","Field key structure differs; proposed role mapping must be reviewed: /home/readyToRide/included/7 -> /ready-to-ride/included_7.","per_page","536219855","27","A27","B27","True","","","[""/ready-to-ride/included_7""]","[23]","[""Information on the route about lunch, water, and restroom options on each day's route.""]","[""#FFFFFF""]","[""white_no_explicit_approval""]","proposed_role_alias","scripts/copy/generate-ts.mjs","True","Approve live version | Adopt per-page version | Use a merged version (enter merged_version) | Escalate / needs clarification","","",""
"R0028","/home/readyToRide/included/8","00_GLOBAL","Access to helpful resources like example packing lists, simple French practice phrases to listen to and repeat, audio history guides for each ride day, history and background document for the entire ride broken down by ride day and geographic area.","Access to helpful resources like example packing lists, simple French practice phrases to listen to and repeat, audio history guides for each ride day, history and background document for the entire ride broken down by ride day and geographic area.","identical","keep_live","Field key structure differs; proposed role mapping must be reviewed: /home/readyToRide/included/8 -> /ready-to-ride/included_8.","per_page","536219855","28","A28","B28","True","","","[""/ready-to-ride/included_8""]","[24]","[""Access to helpful resources like example packing lists, simple French practice phrases to listen to and repeat, audio history guides for each ride day, history and background document for the entire ride broken down by ride day and geographic area.""]","[""#FFFFFF""]","[""white_no_explicit_approval""]","proposed_role_alias","scripts/copy/generate-ts.mjs","True","Approve live version | Adopt per-page version | Use a merged version (enter merged_version) | Escalate / needs clarification","","",""
"R0029","/home/readyToRide/cdmHeading","00_GLOBAL","Canal des Deux Mers Tour (CDM)","Canal des Deux Mers Tour (CDM)
Spring & Fall of 2027! Bordeaux start
Atlantic to Mediterranean","divergent","needs_decision","Field key structure differs; proposed role mapping must be reviewed: /home/readyToRide/cdmHeading -> /ready-to-ride/cdm_heading. Source is only the heading line of a three-line live cell. Coordinate all three per-page rows before merging. Shared live destination /ready-to-ride/cdm_heading also targeted by R0030, R0031. Resolve decisions together to avoid conflicting writes.","per_page","536219855","29","A29","B29","True","","","[""/ready-to-ride/cdm_heading""]","[25]","[""Canal des Deux Mers Tour (CDM)\nSpring & Fall of 2027! Bordeaux start\nAtlantic to Mediterranean""]","[""#FFFFFF""]","[""white_no_explicit_approval""]","proposed_role_alias","scripts/copy/generate-ts.mjs","True","Approve live version | Adopt per-page version | Use a merged version (enter merged_version) | Escalate / needs clarification","","",""
"R0030","/home/readyToRide/cdmLines/1","00_GLOBAL","Spring & Fall of 2027. Bordeaux start","Canal des Deux Mers Tour (CDM)
Spring & Fall of 2027! Bordeaux start
Atlantic to Mediterranean","divergent","needs_decision","Field key structure differs; proposed role mapping must be reviewed: /home/readyToRide/cdmLines/1 -> /ready-to-ride/cdm_heading. Source is only line 2 of a three-line live cell. Do not replace the complete live cell with this line. Shared live destination /ready-to-ride/cdm_heading also targeted by R0029, R0031. Resolve decisions together to avoid conflicting writes.","per_page","536219855","30","A30","B30","True","","","[""/ready-to-ride/cdm_heading""]","[25]","[""Canal des Deux Mers Tour (CDM)\nSpring & Fall of 2027! Bordeaux start\nAtlantic to Mediterranean""]","[""#FFFFFF""]","[""white_no_explicit_approval""]","proposed_role_alias","scripts/copy/generate-ts.mjs","True","Approve live version | Adopt per-page version | Use a merged version (enter merged_version) | Escalate / needs clarification","","",""
"R0031","/home/readyToRide/cdmLines/2","00_GLOBAL","Atlantic to Mediterranean","Canal des Deux Mers Tour (CDM)
Spring & Fall of 2027! Bordeaux start
Atlantic to Mediterranean","divergent","needs_decision","Field key structure differs; proposed role mapping must be reviewed: /home/readyToRide/cdmLines/2 -> /ready-to-ride/cdm_heading. Source is only line 3 of a three-line live cell. Do not replace the complete live cell with this line. Shared live destination /ready-to-ride/cdm_heading also targeted by R0029, R0030. Resolve decisions together to avoid conflicting writes.","per_page","536219855","31","A31","B31","True","","","[""/ready-to-ride/cdm_heading""]","[25]","[""Canal des Deux Mers Tour (CDM)\nSpring & Fall of 2027! Bordeaux start\nAtlantic to Mediterranean""]","[""#FFFFFF""]","[""white_no_explicit_approval""]","proposed_role_alias","scripts/copy/generate-ts.mjs","True","Approve live version | Adopt per-page version | Use a merged version (enter merged_version) | Escalate / needs clarification","","",""
"R0032","/home/about/heading","00_GLOBAL","About BikeTourFrance.net","About BikeTourFrance.net","identical","keep_live","Field key structure differs; proposed role mapping must be reviewed: /home/about/heading -> /about/heading.","per_page","536219855","32","A32","B32","True","","","[""/about/heading""]","[27]","[""About BikeTourFrance.net""]","[""#FFFFFF""]","[""white_no_explicit_approval""]","proposed_role_alias","scripts/copy/generate-ts.mjs","True","Approve live version | Adopt per-page version | Use a merged version (enter merged_version) | Escalate / needs clarification","","",""
"R0033","/home/about/subheading","00_GLOBAL","Eat. Sleep. Roll. Repeat.","Eat. Sleep. Roll. Repeat.","identical","keep_live","Field key structure differs; proposed role mapping must be reviewed: /home/about/subheading -> /about/subheading.","per_page","536219855","33","A33","B33","True","","","[""/about/subheading""]","[28]","[""Eat. Sleep. Roll. Repeat.""]","[""#FFFFFF""]","[""white_no_explicit_approval""]","proposed_role_alias","scripts/copy/generate-ts.mjs","True","Approve live version | Adopt per-page version | Use a merged version (enter merged_version) | Escalate / needs clarification","","",""
"R0034","/home/gallery/heading","00_GLOBAL","Tour Gallery","Tour Gallery","identical","keep_live","Field key structure differs; proposed role mapping must be reviewed: /home/gallery/heading -> /gallery/heading.","per_page","536219855","34","A34","B34","True","","","[""/gallery/heading""]","[38]","[""Tour Gallery""]","[""#FFFFFF""]","[""white_no_explicit_approval""]","proposed_role_alias","scripts/copy/generate-ts.mjs","True","Approve live version | Adopt per-page version | Use a merged version (enter merged_version) | Escalate / needs clarification","","",""
"R0035","/home/hero/waitlistCta","00_GLOBAL","Join the 2027 waitlist","Join our free 2027 tour waitlist","divergent","adopt_per_page","Field key structure differs; proposed role mapping must be reviewed: /home/hero/waitlistCta -> /hero/waitlist_cta.","per_page","536219855","35","A35","B35","True","","","[""/hero/waitlist_cta""]","[9]","[""Join our free 2027 tour waitlist""]","[""#FFFFFF""]","[""white_no_explicit_approval""]","proposed_role_alias","scripts/copy/generate-ts.mjs","True","Approve live version | Adopt per-page version | Use a merged version (enter merged_version) | Escalate / needs clarification","","",""
"R0036","/home/hero/mailingListCta","00_GLOBAL","Get tour updates","Sign up for tour updates","divergent","adopt_per_page","Field key structure differs; proposed role mapping must be reviewed: /home/hero/mailingListCta -> /hero/mailing_list_cta.","per_page","536219855","36","A36","B36","True","","","[""/hero/mailing_list_cta""]","[8]","[""Sign up for tour updates""]","[""#FFFFFF""]","[""white_no_explicit_approval""]","proposed_role_alias","scripts/copy/generate-ts.mjs","True","Approve live version | Adopt per-page version | Use a merged version (enter merged_version) | Escalate / needs clarification","","",""
"R0037","/contact/emailCta","00_GLOBAL","Question? Send us an email","Send us an email!","divergent","adopt_per_page","Field key structure differs; proposed role mapping must be reviewed: /contact/emailCta -> /contact/email_cta.","per_page","536219855","37","A37","B37","True","","","[""/contact/email_cta""]","[37]","[""Send us an email!""]","[""#FFFFFF""]","[""white_no_explicit_approval""]","proposed_role_alias","scripts/copy/generate-ts.mjs","True","Approve live version | Adopt per-page version | Use a merged version (enter merged_version) | Escalate / needs clarification","","",""
"R0038","/resources/libraryCta","00_GLOBAL","Open resource library","Open resource library","identical","keep_live","Field key structure differs; proposed role mapping must be reviewed: /resources/libraryCta -> /resources/helpful_stuff_library_cta.","per_page","536219855","38","A38","B38","True","","","[""/resources/helpful_stuff_library_cta""]","[46]","[""Open resource library""]","[""#FFFFFF""]","[""white_no_explicit_approval""]","proposed_role_alias","scripts/copy/generate-ts.mjs","True","Approve live version | Adopt per-page version | Use a merged version (enter merged_version) | Escalate / needs clarification","","",""
"R0039","/tours/heading","02_TOURS","Ride in France","Ways to ride in France with BikeTourFrance.net","divergent","adopt_per_page","No header row: row 1 is data and is included. Field key structure differs; proposed role mapping must be reviewed: /tours/heading -> /tours/heading_1. Live copy cell has yellow fill (owner describes as unapproved); matching wording does not imply approval.","per_page","21385337","1","A1","B1","True","","","[""/tours/heading_1""]","[192]","[""Ways to ride in France with BikeTourFrance.net""]","[""#FFFF00""]","[""yellow_unapproved""]","proposed_role_alias","src/pages/tours/index.astro","True","Approve live version | Adopt per-page version | Use a merged version (enter merged_version) | Escalate / needs clarification","","",""
"R0040","/tours/eyebrow","02_TOURS","Tours","Tours","identical","keep_live","No header row: row 1 is data and is included. Field key structure differs; proposed role mapping must be reviewed: /tours/eyebrow -> /nav/tours. Live copy cell has yellow fill (owner describes as unapproved); matching wording does not imply approval. Shared live destination /nav/tours also targeted by R0002. Resolve decisions together to avoid conflicting writes.","per_page","21385337","2","A2","B2","True","","","[""/nav/tours""]","[233]","[""Tours""]","[""#FFFF00""]","[""yellow_unapproved""]","proposed_role_alias","src/pages/tours/index.astro","True","Approve live version | Adopt per-page version | Use a merged version (enter merged_version) | Escalate / needs clarification","","",""
"R0041","/tours/lede","02_TOURS","BikeTourFrance.net tours are self-supported. You carry your own gear from place to place but we'll help you plan how to do that before you leave home.","All BikeTourFrance.net tours are self-supported. You carry your own gear from place to place, and John helps you plan the rest.","divergent","needs_decision","No header row: row 1 is data and is included. Field key structure differs; proposed role mapping must be reviewed: /tours/lede -> /tours/body_1. POV differs: per-page uses I/we/me; live uses John/he. Live /about/body_3 already uses first-person I build. Choose a consistent voice. Live copy cell has yellow fill (owner describes as unapproved); matching wording does not imply approval.","per_page","21385337","3","A3","B3","True","","","[""/tours/body_1""]","[185]","[""All BikeTourFrance.net tours are self-supported. You carry your own gear from place to place, and John helps you plan the rest.""]","[""#FFFF00""]","[""yellow_unapproved""]","proposed_role_alias","src/pages/tours/index.astro","True","Approve live version | Adopt per-page version | Use a merged version (enter merged_version) | Escalate / needs clarification","","",""
"R0042","/tours/section_group_heading","02_TOURS","Canal des Deux Mers 2027","Canal des Deux Mers, 2027","divergent","adopt_per_page","No header row: row 1 is data and is included. Field key structure differs; proposed role mapping must be reviewed: /tours/section_group_heading -> /tours/heading_2. Live copy cell has yellow fill (owner describes as unapproved); matching wording does not imply approval.","per_page","21385337","4","A4","B4","True","","","[""/tours/heading_2""]","[193]","[""Canal des Deux Mers, 2027""]","[""#FFFF00""]","[""yellow_unapproved""]","proposed_role_alias","src/pages/tours/index.astro","True","Approve live version | Adopt per-page version | Use a merged version (enter merged_version) | Escalate / needs clarification","","",""
"R0043","/tours/section_group_cta","02_TOURS","2027 CDM Tour Overview","See the 2027 tour","divergent","adopt_per_page","No header row: row 1 is data and is included. Field key structure differs; proposed role mapping must be reviewed: /tours/section_group_cta -> /tours/cta_1. Live copy cell has yellow fill (owner describes as unapproved); matching wording does not imply approval.","per_page","21385337","5","A5","B5","True","","","[""/tours/cta_1""]","[189]","[""See the 2027 tour""]","[""#FFFF00""]","[""yellow_unapproved""]","proposed_role_alias","src/pages/tours/index.astro","True","Approve live version | Adopt per-page version | Use a merged version (enter merged_version) | Escalate / needs clarification","","",""
"R0044","/tours/section_selfguided_heading","02_TOURS","Roll on your own","Self-guided tour package","divergent","adopt_per_page","No header row: row 1 is data and is included. Field key structure differs; proposed role mapping must be reviewed: /tours/section_selfguided_heading -> /tours/frag_1. Live copy cell has yellow fill (owner describes as unapproved); matching wording does not imply approval.","per_page","21385337","6","A6","B6","True","","","[""/tours/frag_1""]","[296]","[""Self-guided tour package""]","[""#FFFF00""]","[""yellow_unapproved""]","proposed_role_alias","src/pages/tours/index.astro","True","Approve live version | Adopt per-page version | Use a merged version (enter merged_version) | Escalate / needs clarification","","",""
"R0045","/tours/section_selfguided_body","02_TOURS","If you prefer to travel on your own schedule, we offer a self-guided tour package. I build the routes, book your accommodations, and provide practical support as you prepare. You ride independently, with a sound plan and help when you need it.","If you prefer to travel on your own schedule, John offers a self-guided tour package. He builds the routes, books your accommodations, and gives practical support as you prepare. You ride independently, with a sound plan and help when you need it.","divergent","needs_decision","No header row: row 1 is data and is included. Field key structure differs; proposed role mapping must be reviewed: /tours/section_selfguided_body -> /tours/body_2. POV differs: per-page uses I/we/me; live uses John/he. Live /about/body_3 already uses first-person I build. Choose a consistent voice. Live copy cell has yellow fill (owner describes as unapproved); matching wording does not imply approval.","per_page","21385337","7","A7","B7","True","","","[""/tours/body_2""]","[186]","[""If you prefer to travel on your own schedule, John offers a self-guided tour package. He builds the routes, books your accommodations, and gives practical support as you prepare. You ride independently, with a sound plan and help when you need it.""]","[""#FFFF00""]","[""yellow_unapproved""]","proposed_role_alias","src/pages/tours/index.astro","True","Approve live version | Adopt per-page version | Use a merged version (enter merged_version) | Escalate / needs clarification","","",""
"R0046","/tours/section_selfguided_info","02_TOURS","","Details and rates are shared by email, because each trip is different.","empty_in_per_page","keep_live","No header row: row 1 is data and is included. Field key structure differs; proposed role mapping must be reviewed: /tours/section_selfguided_info -> /tours/body_3. Per-page B cell is missing from the values response (blank); this is not approval to delete live copy. Live copy cell has yellow fill (owner describes as unapproved); matching wording does not imply approval.","per_page","21385337","8","A8","B8","False","","","[""/tours/body_3""]","[187]","[""Details and rates are shared by email, because each trip is different.""]","[""#FFFF00""]","[""yellow_unapproved""]","proposed_role_alias","src/pages/tours/index.astro","True","Approve live version | Adopt per-page version | Use a merged version (enter merged_version) | Escalate / needs clarification","","",""
"R0047","/tours/section_selfguided_cta","02_TOURS","I'm interested in a self-guided experience","Ask about self-guided","divergent","adopt_per_page","No header row: row 1 is data and is included. Field key structure differs; proposed role mapping must be reviewed: /tours/section_selfguided_cta -> /tours/cta_2. Live copy cell has yellow fill (owner describes as unapproved); matching wording does not imply approval.","per_page","21385337","9","A9","B9","True","","","[""/tours/cta_2""]","[190]","[""Ask about self-guided""]","[""#FFFF00""]","[""yellow_unapproved""]","proposed_role_alias","src/pages/tours/index.astro","True","Approve live version | Adopt per-page version | Use a merged version (enter merged_version) | Escalate / needs clarification","","",""
"R0048","/tours/section_coaching_heading","02_TOURS","Trip-planning help","Trip-planning help","identical","keep_live","No header row: row 1 is data and is included. Field key structure differs; proposed role mapping must be reviewed: /tours/section_coaching_heading -> /tours/heading_3. Live copy cell has yellow fill (owner describes as unapproved); matching wording does not imply approval.","per_page","21385337","10","A10","B10","True","","","[""/tours/heading_3""]","[194]","[""Trip-planning help""]","[""#FFFF00""]","[""yellow_unapproved""]","proposed_role_alias","src/pages/tours/index.astro","True","Approve live version | Adopt per-page version | Use a merged version (enter merged_version) | Escalate / needs clarification","","",""
"R0049","/tours/section_coaching_body","02_TOURS","Want to plan your own adventure in France and only need coaching? Send me an email. I love helping fellow bike travelers plan a great trip. Materials and support for independent tours are coming soon.","Want to plan your own adventure in France and only need coaching? Send John an email. He loves helping fellow bike travelers plan a great trip. Materials and support for independent tours are coming soon.","divergent","needs_decision","No header row: row 1 is data and is included. Field key structure differs; proposed role mapping must be reviewed: /tours/section_coaching_body -> /tours/body_4. POV differs: per-page uses I/we/me; live uses John/he. Live /about/body_3 already uses first-person I build. Choose a consistent voice. Live copy cell has yellow fill (owner describes as unapproved); matching wording does not imply approval.","per_page","21385337","11","A11","B11","True","","","[""/tours/body_4""]","[188]","[""Want to plan your own adventure in France and only need coaching? Send John an email. He loves helping fellow bike travelers plan a great trip. Materials and support for independent tours are coming soon.""]","[""#FFFF00""]","[""yellow_unapproved""]","proposed_role_alias","src/pages/tours/index.astro","True","Approve live version | Adopt per-page version | Use a merged version (enter merged_version) | Escalate / needs clarification","","",""
"R0050","/tours/section_coaching_cta","02_TOURS","Ask about trip planning","Ask about trip planning","identical","keep_live","No header row: row 1 is data and is included. Field key structure differs; proposed role mapping must be reviewed: /tours/section_coaching_cta -> /tours/cta_3. Live copy cell has yellow fill (owner describes as unapproved); matching wording does not imply approval.","per_page","21385337","12","A12","B12","True","","","[""/tours/cta_3""]","[191]","[""Ask about trip planning""]","[""#FFFF00""]","[""yellow_unapproved""]","proposed_role_alias","src/pages/tours/index.astro","True","Approve live version | Adopt per-page version | Use a merged version (enter merged_version) | Escalate / needs clarification","","",""
"R0051","/tours/cdm_facts/route","02_TOURS","Bordeaux (Atlantic) to Sète (Mediterranean)","Bordeaux (Atlantic) to Sète (Mediterranean), the same route on every departure.","divergent","needs_decision","No header row: row 1 is data and is included. Field key structure differs; proposed role mapping must be reviewed: /tours/cdm_facts/route -> /cdm-facts/copy_4. Live copy cell has yellow fill (owner describes as unapproved); matching wording does not imply approval. Shared live destination /cdm-facts/copy_4 also targeted by R0086. Resolve decisions together to avoid conflicting writes.","per_page","21385337","13","A13","B13","True","","","[""/cdm-facts/copy_4""]","[226]","[""Bordeaux (Atlantic) to Sète (Mediterranean), the same route on every departure.""]","[""#FFFF00""]","[""yellow_unapproved""]","proposed_role_alias","src/data/cdm2027.ts; src/pages/tours/index.astro","True","Approve live version | Adopt per-page version | Use a merged version (enter merged_version) | Escalate / needs clarification","","",""
"R0052","/tours/cdm_facts/departures","02_TOURS","Four departures in 2027: two between May 15 and June 15, and two in September.","Four departures in 2027: two between May 15 and June 15, and two in September.","identical","keep_live","No header row: row 1 is data and is included. Field key structure differs; proposed role mapping must be reviewed: /tours/cdm_facts/departures -> /cdm-facts/copy_1. Live copy cell has yellow fill (owner describes as unapproved); matching wording does not imply approval. Shared live destination /cdm-facts/copy_1 also targeted by R0087. Resolve decisions together to avoid conflicting writes.","per_page","21385337","14","A14","B14","True","","","[""/cdm-facts/copy_1""]","[207]","[""Four departures in 2027: two between May 15 and June 15, and two in September.""]","[""#FFFF00""]","[""yellow_unapproved""]","proposed_role_alias","src/data/cdm2027.ts; src/pages/tours/index.astro","True","Approve live version | Adopt per-page version | Use a merged version (enter merged_version) | Escalate / needs clarification","","",""
"R0053","/tours/cdm_facts/datesNote","02_TOURS","Exact dates are forthcoming.","Exact dates are forthcoming.","identical","keep_live","No header row: row 1 is data and is included. Field key structure differs; proposed role mapping must be reviewed: /tours/cdm_facts/datesNote -> /cdm-facts/copy_2. Live copy cell has yellow fill (owner describes as unapproved); matching wording does not imply approval. Shared live destination /cdm-facts/copy_2 also targeted by R0088. Resolve decisions together to avoid conflicting writes.","per_page","21385337","15","A15","B15","True","","","[""/cdm-facts/copy_2""]","[218]","[""Exact dates are forthcoming.""]","[""#FFFF00""]","[""yellow_unapproved""]","proposed_role_alias","src/data/cdm2027.ts; src/pages/tours/index.astro","True","Approve live version | Adopt per-page version | Use a merged version (enter merged_version) | Escalate / needs clarification","","",""
"R0054","/tours/cdm_facts/pricingNote","02_TOURS","Pricing is being worked on right now and will be announced before booking opens.","Pricing is to be determined and will be announced before bookings open.","divergent","needs_decision","No header row: row 1 is data and is included. Field key structure differs; proposed role mapping must be reviewed: /tours/cdm_facts/pricingNote -> /cdm-facts/copy_3. Cross-tab pricing wording check: 02_TOURS says pricing is being worked on; 05_CDM_TOUR says pricing is to be determined. Both say it will be announced before booking opens; no conflicting price amount found. Same live destination /cdm-facts/copy_3. Live copy cell has yellow fill (owner describes as unapproved); matching wording does not imply approval. Shared live destination /cdm-facts/copy_3 also targeted by R0089. Resolve decisions together to avoid conflicting writes.","per_page","21385337","16","A16","B16","True","","","[""/cdm-facts/copy_3""]","[225]","[""Pricing is to be determined and will be announced before bookings open.""]","[""#FFFF00""]","[""yellow_unapproved""]","proposed_role_alias","src/data/cdm2027.ts; src/pages/tours/index.astro","True","Approve live version | Adopt per-page version | Use a merged version (enter merged_version) | Escalate / needs clarification","","",""
"R0055","/contact/eyebrow","03_CONTACT","","Contact","empty_in_per_page","keep_live","Field key structure differs; proposed role mapping must be reviewed: /contact/eyebrow -> /nav/contact. Per-page B cell is missing from the values response (blank); this is not approval to delete live copy. Live copy cell has yellow fill (owner describes as unapproved); matching wording does not imply approval. Shared live destination /nav/contact also targeted by R0005. Resolve decisions together to avoid conflicting writes.","per_page","1190767201","1","A1","B1","False","","","[""/nav/contact""]","[236]","[""Contact""]","[""#FFFF00""]","[""yellow_unapproved""]","proposed_role_alias","src/pages/contact/index.astro","True","Approve live version | Adopt per-page version | Use a merged version (enter merged_version) | Escalate / needs clarification","","",""
"R0056","/contact/h1","03_CONTACT","","Contact John","empty_in_per_page","keep_live","Field key structure differs; proposed role mapping must be reviewed: /contact/h1 -> /contact-page/meta_title. Per-page B cell is missing from the values response (blank); this is not approval to delete live copy. Live copy cell has yellow fill (owner describes as unapproved); matching wording does not imply approval.","per_page","1190767201","2","A2","B2","False","","","[""/contact-page/meta_title""]","[103]","[""Contact John""]","[""#FFFF00""]","[""yellow_unapproved""]","proposed_role_alias","src/pages/contact/index.astro","True","Approve live version | Adopt per-page version | Use a merged version (enter merged_version) | Escalate / needs clarification","","",""
"R0057","/contact/lede","03_CONTACT","Email is the best way to reach us.","Email is the best way to reach BikeTourFrance.net.","divergent","adopt_per_page","Field key structure differs; proposed role mapping must be reviewed: /contact/lede -> /contact-page/body_1. Live copy cell has yellow fill (owner describes as unapproved); matching wording does not imply approval.","per_page","1190767201","3","A3","B3","True","","","[""/contact-page/body_1""]","[98]","[""Email is the best way to reach BikeTourFrance.net.""]","[""#FFFF00""]","[""yellow_unapproved""]","proposed_role_alias","src/pages/contact/index.astro","True","Approve live version | Adopt per-page version | Use a merged version (enter merged_version) | Escalate / needs clarification","","",""
"R0058","/contact/intro_text","03_CONTACT","Write to contact@biketourfrance.net. Or hit the button!","[""Write to"", ""contact@biketourfrance.net"", "", or use the button.""]","divergent","needs_decision","Field key structure differs; proposed role mapping must be reviewed: /contact/intro_text -> /contact-page/frag_1, /contact/contact_email, /contact-page/frag_2. One-to-many mapping: live_tab_version is a JSON array of verbatim live cells in mapped key order. No rendered sentence is invented; punctuation/link assembly lives in Astro. Live copy cell has yellow fill (owner describes as unapproved); matching wording does not imply approval. Shared live destination /contact-page/frag_1 also targeted by R0189. Resolve decisions together to avoid conflicting writes. Shared live destination /contact/contact_email also targeted by R0063, R0183, R0189. Resolve decisions together to avoid conflicting writes.","per_page","1190767201","4","A4","B4","True","","","[""/contact-page/frag_1"", ""/contact/contact_email"", ""/contact-page/frag_2""]","[276, 58, 277]","[""Write to"", ""contact@biketourfrance.net"", "", or use the button.""]","[""#FFFF00"", ""#FFFF00"", ""#FFFF00""]","[""yellow_unapproved"", ""yellow_unapproved"", ""yellow_unapproved""]","proposed_role_alias","src/pages/contact/index.astro","True","Approve live version | Adopt per-page version | Use a merged version (enter merged_version) | Escalate / needs clarification","","",""
"R0059","/contact/section_heading","03_CONTACT","","Choose a starting point","empty_in_per_page","keep_live","Field key structure differs; proposed role mapping must be reviewed: /contact/section_heading -> /contact-page/heading_2. Per-page B cell is missing from the values response (blank); this is not approval to delete live copy. Live copy cell has yellow fill (owner describes as unapproved); matching wording does not imply approval.","per_page","1190767201","5","A5","B5","False","","","[""/contact-page/heading_2""]","[100]","[""Choose a starting point""]","[""#FFFF00""]","[""yellow_unapproved""]","proposed_role_alias","src/pages/contact/index.astro","True","Approve live version | Adopt per-page version | Use a merged version (enter merged_version) | Escalate / needs clarification","","",""
"R0060","/contact/link_1","03_CONTACT","Join the free 2027 Canal des Deux Mers waitlist","Ask to join the 2027 Canal des Deux Mers waitlist","divergent","adopt_per_page","Field key structure differs; proposed role mapping must be reviewed: /contact/link_1 -> /contact-page/frag_3. Live copy cell has yellow fill (owner describes as unapproved); matching wording does not imply approval.","per_page","1190767201","6","A6","B6","True","","","[""/contact-page/frag_3""]","[278]","[""Ask to join the 2027 Canal des Deux Mers waitlist""]","[""#FFFF00""]","[""yellow_unapproved""]","proposed_role_alias","src/pages/contact/index.astro","True","Approve live version | Adopt per-page version | Use a merged version (enter merged_version) | Escalate / needs clarification","","",""
"R0061","/contact/link_2","03_CONTACT","","Ask about planning your own trip","empty_in_per_page","keep_live","Field key structure differs; proposed role mapping must be reviewed: /contact/link_2 -> /contact-page/frag_4. Per-page B cell is missing from the values response (blank); this is not approval to delete live copy. Live copy cell has yellow fill (owner describes as unapproved); matching wording does not imply approval.","per_page","1190767201","7","A7","B7","False","","","[""/contact-page/frag_4""]","[279]","[""Ask about planning your own trip""]","[""#FFFF00""]","[""yellow_unapproved""]","proposed_role_alias","src/pages/contact/index.astro","True","Approve live version | Adopt per-page version | Use a merged version (enter merged_version) | Escalate / needs clarification","","",""
"R0062","/contact/link_3","03_CONTACT","Ask a question","Ask any other question","divergent","adopt_per_page","Field key structure differs; proposed role mapping must be reviewed: /contact/link_3 -> /contact-page/frag_5. Live copy cell has yellow fill (owner describes as unapproved); matching wording does not imply approval.","per_page","1190767201","8","A8","B8","True","","","[""/contact-page/frag_5""]","[280]","[""Ask any other question""]","[""#FFFF00""]","[""yellow_unapproved""]","proposed_role_alias","src/pages/contact/index.astro","True","Approve live version | Adopt per-page version | Use a merged version (enter merged_version) | Escalate / needs clarification","","",""
"R0063","/contact/fallback_text","03_CONTACT","","[""Each link opens your email program with a short message ready to fill in. If it does not open, write to"", ""contact@biketourfrance.net"", ""directly.""]","empty_in_per_page","keep_live","Field key structure differs; proposed role mapping must be reviewed: /contact/fallback_text -> /contact-page/frag_6, /contact/contact_email, /contact-page/frag_7. One-to-many mapping: live_tab_version is a JSON array of verbatim live cells in mapped key order. No rendered sentence is invented; punctuation/link assembly lives in Astro. Per-page B cell is missing from the values response (blank); this is not approval to delete live copy. Live copy cell has yellow fill (owner describes as unapproved); matching wording does not imply approval. Shared live destination /contact/contact_email also targeted by R0058, R0183, R0189. Resolve decisions together to avoid conflicting writes.","per_page","1190767201","9","A9","B9","False","","","[""/contact-page/frag_6"", ""/contact/contact_email"", ""/contact-page/frag_7""]","[281, 58, 282]","[""Each link opens your email program with a short message ready to fill in. If it does not open, write to"", ""contact@biketourfrance.net"", ""directly.""]","[""#FFFF00"", ""#FFFF00"", ""#FFFF00""]","[""yellow_unapproved"", ""yellow_unapproved"", ""yellow_unapproved""]","proposed_role_alias","src/pages/contact/index.astro","True","Approve live version | Adopt per-page version | Use a merged version (enter merged_version) | Escalate / needs clarification","","",""
"R0064","/contact/section_2_heading","03_CONTACT","About the waitlist and the mailing list","About the waitlist and the mailing list","identical","keep_live","Field key structure differs; proposed role mapping must be reviewed: /contact/section_2_heading -> /contact-page/heading_3. Live copy cell has yellow fill (owner describes as unapproved); matching wording does not imply approval.","per_page","1190767201","10","A10","B10","True","","","[""/contact-page/heading_3""]","[101]","[""About the waitlist and the mailing list""]","[""#FFFF00""]","[""yellow_unapproved""]","proposed_role_alias","src/pages/contact/index.astro","True","Approve live version | Adopt per-page version | Use a merged version (enter merged_version) | Escalate / needs clarification","","",""
"R0065","/contact/section_2_text","03_CONTACT","","This website does not have an online sign-up form yet. To hear about exact 2027 dates and pricing when they are announced, email John and ask to be added to the waitlist.","empty_in_per_page","needs_decision","Field key structure differs; proposed role mapping must be reviewed: /contact/section_2_text -> /contact-page/body_2. Per-page B cell is missing from the values response (blank); this is not approval to delete live copy. Live target still says no online sign-up form yet, while 07_FORMS and waitlist-2027.astro define a form. Blank source is not approval of this stale claim. Live copy cell has yellow fill (owner describes as unapproved); matching wording does not imply approval.","per_page","1190767201","11","A11","B11","False","","","[""/contact-page/body_2""]","[99]","[""This website does not have an online sign-up form yet. To hear about exact 2027 dates and pricing when they are announced, email John and ask to be added to the waitlist.""]","[""#FFFF00""]","[""yellow_unapproved""]","proposed_role_alias","src/pages/contact/index.astro","True","Approve live version | Adopt per-page version | Use a merged version (enter merged_version) | Escalate / needs clarification","","",""
"R0066","/about/section_how_heading","04_ABOUT","How the tours work","How the tours work","identical","keep_live","Field key structure differs; proposed role mapping must be reviewed: /about/section_how_heading -> /about-page/heading_1. Live copy cell has yellow fill (owner describes as unapproved); matching wording does not imply approval.","per_page","826790427","1","A1","B1","True","","","[""/about-page/heading_1""]","[61]","[""How the tours work""]","[""#FFFF00""]","[""yellow_unapproved""]","proposed_role_alias","src/pages/about/index.astro","True","Approve live version | Adopt per-page version | Use a merged version (enter merged_version) | Escalate / needs clarification","","",""
"R0067","/about/section_who_heading","04_ABOUT","Who is planning your trip","Who is planning your trip","identical","keep_live","Field key structure differs; proposed role mapping must be reviewed: /about/section_who_heading -> /about-page/heading_2. Live copy cell has yellow fill (owner describes as unapproved); matching wording does not imply approval.","per_page","826790427","2","A2","B2","True","","","[""/about-page/heading_2""]","[62]","[""Who is planning your trip""]","[""#FFFF00""]","[""yellow_unapproved""]","proposed_role_alias","src/pages/about/index.astro","True","Approve live version | Adopt per-page version | Use a merged version (enter merged_version) | Escalate / needs clarification","","",""
"R0068","/about/contact_cta_heading","04_ABOUT","Want to talk it through?","Want to talk it through?","identical","keep_live","Field key structure differs; proposed role mapping must be reviewed: /about/contact_cta_heading -> /about-x/p_1. Live copy cell has yellow fill (owner describes as unapproved); matching wording does not imply approval.","per_page","826790427","3","A3","B3","True","","","[""/about-x/p_1""]","[301]","[""Want to talk it through?""]","[""#FFFF00""]","[""yellow_unapproved""]","proposed_role_alias","src/pages/about/index.astro","True","Approve live version | Adopt per-page version | Use a merged version (enter merged_version) | Escalate / needs clarification","","",""
"R0069","/about/contact_cta_text","04_ABOUT","Email John with your questions about the 2027 tours or about planning your own trip.","Email John with your questions about the 2027 tours or about planning your own trip.","identical","keep_live","Field key structure differs; proposed role mapping must be reviewed: /about/contact_cta_text -> /about-x/p_2. Live copy cell has yellow fill (owner describes as unapproved); matching wording does not imply approval.","per_page","826790427","4","A4","B4","True","","","[""/about-x/p_2""]","[302]","[""Email John with your questions about the 2027 tours or about planning your own trip.""]","[""#FFFF00""]","[""yellow_unapproved""]","proposed_role_alias","src/pages/about/index.astro","True","Approve live version | Adopt per-page version | Use a merged version (enter merged_version) | Escalate / needs clarification","","",""
"R0070","/canal-des-deux-mers/eyebrow","05_CDM_TOUR","2027 small-group tour","2027 small-group tour","identical","keep_live","Field key structure differs; proposed role mapping must be reviewed: /canal-des-deux-mers/eyebrow -> /cdm/body_1. Live copy cell has yellow fill (owner describes as unapproved); matching wording does not imply approval.","per_page","1219934417","1","A1","B1","True","","","[""/cdm/body_1""]","[84]","[""2027 small-group tour""]","[""#FFFF00""]","[""yellow_unapproved""]","proposed_role_alias","src/pages/canal-des-deux-mers/index.astro","True","Approve live version | Adopt per-page version | Use a merged version (enter merged_version) | Escalate / needs clarification","","",""
"R0071","/canal-des-deux-mers/h1","05_CDM_TOUR","Canal des Deux Mers by bike, Bordeaux to Sète","Canal des Deux Mers by bike, Bordeaux to Sète","identical","keep_live","Field key structure differs; proposed role mapping must be reviewed: /canal-des-deux-mers/h1 -> /cdm/heading_1. Live copy cell has yellow fill (owner describes as unapproved); matching wording does not imply approval.","per_page","1219934417","2","A2","B2","True","","","[""/cdm/heading_1""]","[87]","[""Canal des Deux Mers by bike, Bordeaux to Sète""]","[""#FFFF00""]","[""yellow_unapproved""]","proposed_role_alias","src/pages/canal-des-deux-mers/index.astro","True","Approve live version | Adopt per-page version | Use a merged version (enter merged_version) | Escalate / needs clarification","","",""
"R0072","/canal-des-deux-mers/lede_extra","05_CDM_TOUR","Nine riding days, one rest day in Toulouse, and 11 nights, led by John","Nine riding days, one rest day in Toulouse, and 11 nights, led by John.","divergent","adopt_per_page","Field key structure differs; proposed role mapping must be reviewed: /canal-des-deux-mers/lede_extra -> /cdm/frag_1. Live copy cell has yellow fill (owner describes as unapproved); matching wording does not imply approval.","per_page","1219934417","3","A3","B3","True","","","[""/cdm/frag_1""]","[271]","[""Nine riding days, one rest day in Toulouse, and 11 nights, led by John.""]","[""#FFFF00""]","[""yellow_unapproved""]","proposed_role_alias","src/pages/canal-des-deux-mers/index.astro","True","Approve live version | Adopt per-page version | Use a merged version (enter merged_version) | Escalate / needs clarification","","",""
"R0073","/canal-des-deux-mers/button_ask","05_CDM_TOUR","Ask a question","Ask a question","identical","keep_live","Field key structure differs; proposed role mapping must be reviewed: /canal-des-deux-mers/button_ask -> /cdm/cta_1. Live copy cell has yellow fill (owner describes as unapproved); matching wording does not imply approval.","per_page","1219934417","4","A4","B4","True","","","[""/cdm/cta_1""]","[86]","[""Ask a question""]","[""#FFFF00""]","[""yellow_unapproved""]","proposed_role_alias","src/pages/canal-des-deux-mers/index.astro","True","Approve live version | Adopt per-page version | Use a merged version (enter merged_version) | Escalate / needs clarification","","",""
"R0074","/canal-des-deux-mers/at_a_glance_heading","05_CDM_TOUR","The tour at a glance","The tour at a glance","identical","keep_live","Field key structure differs; proposed role mapping must be reviewed: /canal-des-deux-mers/at_a_glance_heading -> /cdm/heading_2. Live copy cell has yellow fill (owner describes as unapproved); matching wording does not imply approval.","per_page","1219934417","5","A5","B5","True","","","[""/cdm/heading_2""]","[88]","[""The tour at a glance""]","[""#FFFF00""]","[""yellow_unapproved""]","proposed_role_alias","src/pages/canal-des-deux-mers/index.astro","True","Approve live version | Adopt per-page version | Use a merged version (enter merged_version) | Escalate / needs clarification","","",""
"R0075","/canal-des-deux-mers/route_same","05_CDM_TOUR","The route is the same on every departure.","The route is the same on every departure.","identical","keep_live","Field key structure differs; proposed role mapping must be reviewed: /canal-des-deux-mers/route_same -> /cdm/item_1. Live copy cell has yellow fill (owner describes as unapproved); matching wording does not imply approval.","per_page","1219934417","6","A6","B6","True","","","[""/cdm/item_1""]","[95]","[""The route is the same on every departure.""]","[""#FFFF00""]","[""yellow_unapproved""]","proposed_role_alias","src/pages/canal-des-deux-mers/index.astro","True","Approve live version | Adopt per-page version | Use a merged version (enter merged_version) | Escalate / needs clarification","","",""
"R0076","/canal-des-deux-mers/groups_size","05_CDM_TOUR","Groups run with a minimum of {min} riders. The target is {target}, and the maximum is {max}.","Groups run with a minimum of 6 riders. The target is 8, and the maximum is 12.","divergent","needs_decision","Field key structure differs; proposed role mapping must be reviewed: /canal-des-deux-mers/groups_size -> /cdm-facts/group_size. Unresolved placeholders {min}, {target}, {max} versus live 6/8/12. Confirm facts and template handling; do not publish literal placeholders. Live copy cell has yellow fill (owner describes as unapproved); matching wording does not imply approval.","per_page","1219934417","7","A7","B7","True","","","[""/cdm-facts/group_size""]","[266]","[""Groups run with a minimum of 6 riders. The target is 8, and the maximum is 12.""]","[""#FFFF00""]","[""yellow_unapproved""]","proposed_role_alias","src/pages/canal-des-deux-mers/index.astro","True","Approve live version | Adopt per-page version | Use a merged version (enter merged_version) | Escalate / needs clarification","","",""
"R0077","/canal-des-deux-mers/route_heading","05_CDM_TOUR","The route and the week","The route and the week","identical","keep_live","Field key structure differs; proposed role mapping must be reviewed: /canal-des-deux-mers/route_heading -> /cdm/heading_3. Live copy cell has yellow fill (owner describes as unapproved); matching wording does not imply approval.","per_page","1219934417","8","A8","B8","True","","","[""/cdm/heading_3""]","[89]","[""The route and the week""]","[""#FFFF00""]","[""yellow_unapproved""]","proposed_role_alias","src/pages/canal-des-deux-mers/index.astro","True","Approve live version | Adopt per-page version | Use a merged version (enter merged_version) | Escalate / needs clarification","","",""
"R0078","/canal-des-deux-mers/stops_intro","05_CDM_TOUR","From the Atlantic to the Mediterranean, the tour passes through these stops:","From the Atlantic to the Mediterranean, the tour passes through these stops:","identical","keep_live","Field key structure differs; proposed role mapping must be reviewed: /canal-des-deux-mers/stops_intro -> /cdm/body_2. Live copy cell has yellow fill (owner describes as unapproved); matching wording does not imply approval.","per_page","1219934417","9","A9","B9","True","","","[""/cdm/body_2""]","[85]","[""From the Atlantic to the Mediterranean, the tour passes through these stops:""]","[""#FFFF00""]","[""yellow_unapproved""]","proposed_role_alias","src/pages/canal-des-deux-mers/index.astro","True","Approve live version | Adopt per-page version | Use a merged version (enter merged_version) | Escalate / needs clarification","","",""
"R0079","/canal-des-deux-mers/week_runs_heading","05_CDM_TOUR","How the week runs","How the week runs","identical","keep_live","Field key structure differs; proposed role mapping must be reviewed: /canal-des-deux-mers/week_runs_heading -> /cdm/heading_4. Live copy cell has yellow fill (owner describes as unapproved); matching wording does not imply approval.","per_page","1219934417","10","A10","B10","True","","","[""/cdm/heading_4""]","[90]","[""How the week runs""]","[""#FFFF00""]","[""yellow_unapproved""]","proposed_role_alias","src/pages/canal-des-deux-mers/index.astro","True","Approve live version | Adopt per-page version | Use a merged version (enter merged_version) | Escalate / needs clarification","","",""
"R0080","/canal-des-deux-mers/toulouse_dinner_heading","05_CDM_TOUR","Dinner in Toulouse","Dinner in Toulouse","identical","keep_live","Field key structure differs; proposed role mapping must be reviewed: /canal-des-deux-mers/toulouse_dinner_heading -> /cdm/heading_5. Live copy cell has yellow fill (owner describes as unapproved); matching wording does not imply approval.","per_page","1219934417","11","A11","B11","True","","","[""/cdm/heading_5""]","[91]","[""Dinner in Toulouse""]","[""#FFFF00""]","[""yellow_unapproved""]","proposed_role_alias","src/pages/canal-des-deux-mers/index.astro","True","Approve live version | Adopt per-page version | Use a merged version (enter merged_version) | Escalate / needs clarification","","",""
"R0081","/canal-des-deux-mers/self_supported_heading","05_CDM_TOUR","Self-supported means you carry your own gear","Self-supported means you carry your own gear","identical","keep_live","Field key structure differs; proposed role mapping must be reviewed: /canal-des-deux-mers/self_supported_heading -> /cdm/heading_6. Live copy cell has yellow fill (owner describes as unapproved); matching wording does not imply approval.","per_page","1219934417","12","A12","B12","True","","","[""/cdm/heading_6""]","[92]","[""Self-supported means you carry your own gear""]","[""#FFFF00""]","[""yellow_unapproved""]","proposed_role_alias","src/pages/canal-des-deux-mers/index.astro","True","Approve live version | Adopt per-page version | Use a merged version (enter merged_version) | Escalate / needs clarification","","",""
"R0082","/canal-des-deux-mers/practical_link","05_CDM_TOUR","Getting from Bordeaux Airport to the station and hotels","Getting from Bordeaux Airport to the station and hotels","identical","keep_live","Field key structure differs; proposed role mapping must be reviewed: /canal-des-deux-mers/practical_link -> /cdm/frag_3. Live copy cell has yellow fill (owner describes as unapproved); matching wording does not imply approval.","per_page","1219934417","13","A13","B13","True","","","[""/cdm/frag_3""]","[273]","[""Getting from Bordeaux Airport to the station and hotels""]","[""#FFFF00""]","[""yellow_unapproved""]","proposed_role_alias","src/pages/canal-des-deux-mers/index.astro","True","Approve live version | Adopt per-page version | Use a merged version (enter merged_version) | Escalate / needs clarification","","",""
"R0083","/canal-des-deux-mers/history_heading","05_CDM_TOUR","Earlier tours on this route","Earlier tours on this route","identical","keep_live","Field key structure differs; proposed role mapping must be reviewed: /canal-des-deux-mers/history_heading -> /cdm/heading_7. Live copy cell has yellow fill (owner describes as unapproved); matching wording does not imply approval.","per_page","1219934417","14","A14","B14","True","","","[""/cdm/heading_7""]","[93]","[""Earlier tours on this route""]","[""#FFFF00""]","[""yellow_unapproved""]","proposed_role_alias","src/pages/canal-des-deux-mers/index.astro","True","Approve live version | Adopt per-page version | Use a merged version (enter merged_version) | Escalate / needs clarification","","",""
"R0084","/canal-des-deux-mers/history_text","05_CDM_TOUR","BikeTourFrance.net rode the Canal des Deux Mers in September 2026. That tour is finished and is not open for booking. The audio route guides and a historical narrative written for it are still useful for planning, and they live on the Resources page.","[""BikeTourFrance.net rode the Canal des Deux Mers in September 2026. That tour is finished and is not open for booking. The audio route guides and a historical narrative written for it are still useful for planning, and they live on the"", ""Resources page""]","divergent","merge","Field key structure differs; proposed role mapping must be reviewed: /canal-des-deux-mers/history_text -> /cdm/frag_4, /cdm/frag_5. One-to-many mapping: live_tab_version is a JSON array of verbatim live cells in mapped key order. No rendered sentence is invented; punctuation/link assembly lives in Astro. Live copy cell has yellow fill (owner describes as unapproved); matching wording does not imply approval.","per_page","1219934417","15","A15","B15","True","","","[""/cdm/frag_4"", ""/cdm/frag_5""]","[274, 275]","[""BikeTourFrance.net rode the Canal des Deux Mers in September 2026. That tour is finished and is not open for booking. The audio route guides and a historical narrative written for it are still useful for planning, and they live on the"", ""Resources page""]","[""#FFFF00"", ""#FFFF00""]","[""yellow_unapproved"", ""yellow_unapproved""]","proposed_role_alias","src/pages/canal-des-deux-mers/index.astro","True","Approve live version | Adopt per-page version | Use a merged version (enter merged_version) | Escalate / needs clarification","","",""
"R0085","/canal-des-deux-mers/gallery_heading","05_CDM_TOUR","Photos from the route","Photos from the route","identical","keep_live","Field key structure differs; proposed role mapping must be reviewed: /canal-des-deux-mers/gallery_heading -> /cdm/heading_8. Live copy cell has yellow fill (owner describes as unapproved); matching wording does not imply approval.","per_page","1219934417","16","A16","B16","True","","","[""/cdm/heading_8""]","[94]","[""Photos from the route""]","[""#FFFF00""]","[""yellow_unapproved""]","proposed_role_alias","src/pages/canal-des-deux-mers/index.astro","True","Approve live version | Adopt per-page version | Use a merged version (enter merged_version) | Escalate / needs clarification","","",""
"R0086","/canal-des-deux-mers/facts/route","05_CDM_TOUR","Bordeaux (Atlantic) to Sète (Mediterranean), the same route on every departure.","Bordeaux (Atlantic) to Sète (Mediterranean), the same route on every departure.","identical","needs_decision","Field key structure differs; proposed role mapping must be reviewed: /canal-des-deux-mers/facts/route -> /cdm-facts/copy_4. Live copy cell has yellow fill (owner describes as unapproved); matching wording does not imply approval. Shared live destination /cdm-facts/copy_4 also targeted by R0051. Resolve decisions together to avoid conflicting writes.","per_page","1219934417","17","A17","B17","True","","","[""/cdm-facts/copy_4""]","[226]","[""Bordeaux (Atlantic) to Sète (Mediterranean), the same route on every departure.""]","[""#FFFF00""]","[""yellow_unapproved""]","proposed_role_alias","src/data/cdm2027.ts","True","Approve live version | Adopt per-page version | Use a merged version (enter merged_version) | Escalate / needs clarification","","",""
"R0087","/canal-des-deux-mers/facts/departures","05_CDM_TOUR","Four departures in 2027: two between May 15 and June 15, and two in September.","Four departures in 2027: two between May 15 and June 15, and two in September.","identical","keep_live","Field key structure differs; proposed role mapping must be reviewed: /canal-des-deux-mers/facts/departures -> /cdm-facts/copy_1. Live copy cell has yellow fill (owner describes as unapproved); matching wording does not imply approval. Shared live destination /cdm-facts/copy_1 also targeted by R0052. Resolve decisions together to avoid conflicting writes.","per_page","1219934417","18","A18","B18","True","","","[""/cdm-facts/copy_1""]","[207]","[""Four departures in 2027: two between May 15 and June 15, and two in September.""]","[""#FFFF00""]","[""yellow_unapproved""]","proposed_role_alias","src/data/cdm2027.ts","True","Approve live version | Adopt per-page version | Use a merged version (enter merged_version) | Escalate / needs clarification","","",""
"R0088","/canal-des-deux-mers/facts/datesNote","05_CDM_TOUR","Exact dates are forthcoming.","Exact dates are forthcoming.","identical","keep_live","Field key structure differs; proposed role mapping must be reviewed: /canal-des-deux-mers/facts/datesNote -> /cdm-facts/copy_2. Live copy cell has yellow fill (owner describes as unapproved); matching wording does not imply approval. Shared live destination /cdm-facts/copy_2 also targeted by R0053. Resolve decisions together to avoid conflicting writes.","per_page","1219934417","19","A19","B19","True","","","[""/cdm-facts/copy_2""]","[218]","[""Exact dates are forthcoming.""]","[""#FFFF00""]","[""yellow_unapproved""]","proposed_role_alias","src/data/cdm2027.ts","True","Approve live version | Adopt per-page version | Use a merged version (enter merged_version) | Escalate / needs clarification","","",""
"R0089","/canal-des-deux-mers/facts/pricingNote","05_CDM_TOUR","Pricing is to be determined and will be announced before bookings open.","Pricing is to be determined and will be announced before bookings open.","identical","needs_decision","Field key structure differs; proposed role mapping must be reviewed: /canal-des-deux-mers/facts/pricingNote -> /cdm-facts/copy_3. Cross-tab pricing wording check: 02_TOURS says pricing is being worked on; 05_CDM_TOUR says pricing is to be determined. Both say it will be announced before booking opens; no conflicting price amount found. Same live destination /cdm-facts/copy_3. Live copy cell has yellow fill (owner describes as unapproved); matching wording does not imply approval. Shared live destination /cdm-facts/copy_3 also targeted by R0054. Resolve decisions together to avoid conflicting writes.","per_page","1219934417","20","A20","B20","True","","","[""/cdm-facts/copy_3""]","[225]","[""Pricing is to be determined and will be announced before bookings open.""]","[""#FFFF00""]","[""yellow_unapproved""]","proposed_role_alias","src/data/cdm2027.ts","True","Approve live version | Adopt per-page version | Use a merged version (enter merged_version) | Escalate / needs clarification","","",""
"R0090","/canal-des-deux-mers/stats/1","05_CDM_TOUR","4 departures in 2027","departures in 2027","divergent","needs_decision","Field key structure differs; proposed role mapping must be reviewed: /canal-des-deux-mers/stats/1 -> /cdm-facts/text_1. Source combines a numeric value and label; live cell holds only the label. Numeric values 4/9/1/11 are separate literals in CDM_STATS. Requires role/scope decision, not a direct replacement. Live copy cell has yellow fill (owner describes as unapproved); matching wording does not imply approval.","per_page","1219934417","21","A21","B21","True","","","[""/cdm-facts/text_1""]","[65]","[""departures in 2027""]","[""#FFFF00""]","[""yellow_unapproved""]","proposed_role_alias","src/data/cdm2027.ts: CDM_STATS","True","Approve live version | Adopt per-page version | Use a merged version (enter merged_version) | Escalate / needs clarification","","",""
"R0091","/canal-des-deux-mers/stats/2","05_CDM_TOUR","9 riding days","riding days","divergent","needs_decision","Field key structure differs; proposed role mapping must be reviewed: /canal-des-deux-mers/stats/2 -> /cdm-facts/text_2. Source combines a numeric value and label; live cell holds only the label. Numeric values 4/9/1/11 are separate literals in CDM_STATS. Requires role/scope decision, not a direct replacement. Live copy cell has yellow fill (owner describes as unapproved); matching wording does not imply approval.","per_page","1219934417","22","A22","B22","True","","","[""/cdm-facts/text_2""]","[66]","[""riding days""]","[""#FFFF00""]","[""yellow_unapproved""]","proposed_role_alias","src/data/cdm2027.ts: CDM_STATS","True","Approve live version | Adopt per-page version | Use a merged version (enter merged_version) | Escalate / needs clarification","","",""
"R0092","/canal-des-deux-mers/stats/3","05_CDM_TOUR","1 rest day in Toulouse","rest day in Toulouse","divergent","needs_decision","Field key structure differs; proposed role mapping must be reviewed: /canal-des-deux-mers/stats/3 -> /cdm-facts/t_1. Source combines a numeric value and label; live cell holds only the label. Numeric values 4/9/1/11 are separate literals in CDM_STATS. Requires role/scope decision, not a direct replacement. Live copy cell has yellow fill (owner describes as unapproved); matching wording does not imply approval.","per_page","1219934417","23","A23","B23","True","","","[""/cdm-facts/t_1""]","[249]","[""rest day in Toulouse""]","[""#FFFF00""]","[""yellow_unapproved""]","proposed_role_alias","src/data/cdm2027.ts: CDM_STATS","True","Approve live version | Adopt per-page version | Use a merged version (enter merged_version) | Escalate / needs clarification","","",""
"R0093","/canal-des-deux-mers/stats/4","05_CDM_TOUR","11 nights","nights","divergent","needs_decision","Field key structure differs; proposed role mapping must be reviewed: /canal-des-deux-mers/stats/4 -> /cdm-facts/stat_nights. Source combines a numeric value and label; live cell holds only the label. Numeric values 4/9/1/11 are separate literals in CDM_STATS. Requires role/scope decision, not a direct replacement. Live copy cell has yellow fill (owner describes as unapproved); matching wording does not imply approval.","per_page","1219934417","24","A24","B24","True","","","[""/cdm-facts/stat_nights""]","[328]","[""nights""]","[""#FFFF00""]","[""yellow_unapproved""]","proposed_role_alias","src/data/cdm2027.ts: CDM_STATS","True","Approve live version | Adopt per-page version | Use a merged version (enter merged_version) | Escalate / needs clarification","","",""
"R0094","/canal-des-deux-mers/stops/1","05_CDM_TOUR","Bordeaux","Bordeaux","identical","keep_live","Field key structure differs; proposed role mapping must be reviewed: /canal-des-deux-mers/stops/1 -> /cdm-facts/t_7. Live copy cell has yellow fill (owner describes as unapproved); matching wording does not imply approval.","per_page","1219934417","25","A25","B25","True","","","[""/cdm-facts/t_7""]","[261]","[""Bordeaux""]","[""#FFFF00""]","[""yellow_unapproved""]","proposed_role_alias","src/data/cdm2027.ts: STOPS","True","Approve live version | Adopt per-page version | Use a merged version (enter merged_version) | Escalate / needs clarification","","",""
"R0095","/canal-des-deux-mers/stops/2","05_CDM_TOUR","La Réole","La Réole","identical","keep_live","Field key structure differs; proposed role mapping must be reviewed: /canal-des-deux-mers/stops/2 -> /cdm-facts/t_8. Live copy cell has yellow fill (owner describes as unapproved); matching wording does not imply approval.","per_page","1219934417","26","A26","B26","True","","","[""/cdm-facts/t_8""]","[262]","[""La Réole""]","[""#FFFF00""]","[""yellow_unapproved""]","proposed_role_alias","src/data/cdm2027.ts: STOPS","True","Approve live version | Adopt per-page version | Use a merged version (enter merged_version) | Escalate / needs clarification","","",""
"R0096","/canal-des-deux-mers/stops/3","05_CDM_TOUR","Agen","Agen","identical","keep_live","Field key structure differs; proposed role mapping must be reviewed: /canal-des-deux-mers/stops/3 -> /cdm-facts/t_9. Live copy cell has yellow fill (owner describes as unapproved); matching wording does not imply approval.","per_page","1219934417","27","A27","B27","True","","","[""/cdm-facts/t_9""]","[263]","[""Agen""]","[""#FFFF00""]","[""yellow_unapproved""]","proposed_role_alias","src/data/cdm2027.ts: STOPS","True","Approve live version | Adopt per-page version | Use a merged version (enter merged_version) | Escalate / needs clarification","","",""
"R0097","/canal-des-deux-mers/stops/4","05_CDM_TOUR","Moissac","Moissac","identical","keep_live","Field key structure differs; proposed role mapping must be reviewed: /canal-des-deux-mers/stops/4 -> /cdm-facts/t_10. Live copy cell has yellow fill (owner describes as unapproved); matching wording does not imply approval.","per_page","1219934417","28","A28","B28","True","","","[""/cdm-facts/t_10""]","[250]","[""Moissac""]","[""#FFFF00""]","[""yellow_unapproved""]","proposed_role_alias","src/data/cdm2027.ts: STOPS","True","Approve live version | Adopt per-page version | Use a merged version (enter merged_version) | Escalate / needs clarification","","",""
"R0098","/canal-des-deux-mers/stops/5","05_CDM_TOUR","Toulouse (rest day)","Toulouse (rest day)","identical","keep_live","Field key structure differs; proposed role mapping must be reviewed: /canal-des-deux-mers/stops/5 -> /cdm-facts/copy_24. Live copy cell has yellow fill (owner describes as unapproved); matching wording does not imply approval.","per_page","1219934417","29","A29","B29","True","","","[""/cdm-facts/copy_24""]","[223]","[""Toulouse (rest day)""]","[""#FFFF00""]","[""yellow_unapproved""]","proposed_role_alias","src/data/cdm2027.ts: STOPS","True","Approve live version | Adopt per-page version | Use a merged version (enter merged_version) | Escalate / needs clarification","","",""
"R0099","/canal-des-deux-mers/stops/6","05_CDM_TOUR","Castelnaudary","Castelnaudary","identical","keep_live","Field key structure differs; proposed role mapping must be reviewed: /canal-des-deux-mers/stops/6 -> /cdm-facts/t_11. Live copy cell has yellow fill (owner describes as unapproved); matching wording does not imply approval.","per_page","1219934417","30","A30","B30","True","","","[""/cdm-facts/t_11""]","[251]","[""Castelnaudary""]","[""#FFFF00""]","[""yellow_unapproved""]","proposed_role_alias","src/data/cdm2027.ts: STOPS","True","Approve live version | Adopt per-page version | Use a merged version (enter merged_version) | Escalate / needs clarification","","",""
"R0100","/canal-des-deux-mers/stops/7","05_CDM_TOUR","Carcassonne","Carcassonne","identical","keep_live","Field key structure differs; proposed role mapping must be reviewed: /canal-des-deux-mers/stops/7 -> /cdm-facts/t_12. Live copy cell has yellow fill (owner describes as unapproved); matching wording does not imply approval.","per_page","1219934417","31","A31","B31","True","","","[""/cdm-facts/t_12""]","[252]","[""Carcassonne""]","[""#FFFF00""]","[""yellow_unapproved""]","proposed_role_alias","src/data/cdm2027.ts: STOPS","True","Approve live version | Adopt per-page version | Use a merged version (enter merged_version) | Escalate / needs clarification","","",""
"R0101","/canal-des-deux-mers/stops/8","05_CDM_TOUR","Lézignan-Corbières","Lézignan-Corbières","identical","keep_live","Field key structure differs; proposed role mapping must be reviewed: /canal-des-deux-mers/stops/8 -> /cdm-facts/t_13. Live copy cell has yellow fill (owner describes as unapproved); matching wording does not imply approval.","per_page","1219934417","32","A32","B32","True","","","[""/cdm-facts/t_13""]","[253]","[""Lézignan-Corbières""]","[""#FFFF00""]","[""yellow_unapproved""]","proposed_role_alias","src/data/cdm2027.ts: STOPS","True","Approve live version | Adopt per-page version | Use a merged version (enter merged_version) | Escalate / needs clarification","","",""
"R0102","/canal-des-deux-mers/stops/9","05_CDM_TOUR","Capestang","Capestang","identical","keep_live","Field key structure differs; proposed role mapping must be reviewed: /canal-des-deux-mers/stops/9 -> /cdm-facts/t_14. Live copy cell has yellow fill (owner describes as unapproved); matching wording does not imply approval.","per_page","1219934417","33","A33","B33","True","","","[""/cdm-facts/t_14""]","[254]","[""Capestang""]","[""#FFFF00""]","[""yellow_unapproved""]","proposed_role_alias","src/data/cdm2027.ts: STOPS","True","Approve live version | Adopt per-page version | Use a merged version (enter merged_version) | Escalate / needs clarification","","",""
"R0103","/canal-des-deux-mers/stops/10","05_CDM_TOUR","Sète","Sète","identical","keep_live","Field key structure differs; proposed role mapping must be reviewed: /canal-des-deux-mers/stops/10 -> /cdm-facts/t_15. Live copy cell has yellow fill (owner describes as unapproved); matching wording does not imply approval.","per_page","1219934417","34","A34","B34","True","","","[""/cdm-facts/t_15""]","[255]","[""Sète""]","[""#FFFF00""]","[""yellow_unapproved""]","proposed_role_alias","src/data/cdm2027.ts: STOPS","True","Approve live version | Adopt per-page version | Use a merged version (enter merged_version) | Escalate / needs clarification","","",""
"R0104","/canal-des-deux-mers/week_plan/friday","05_CDM_TOUR","Friday: Arrive in Bordeaux. Collect a rental e-bike if you booked one. Dinner with the group","[""Friday"", ""Arrive in Bordeaux. Collect a rental e-bike if you booked one.""]","divergent","merge","Field key structure differs; proposed role mapping must be reviewed: /canal-des-deux-mers/week_plan/friday -> /cdm-facts/t_2, /cdm-facts/text_3. One-to-many mapping: live_tab_version is a JSON array of verbatim live cells in mapped key order. No rendered sentence is invented; punctuation/link assembly lives in Astro. Source combines day label and body; live stores these separately. Compare/merge into their existing roles. Live copy cell has yellow fill (owner describes as unapproved); matching wording does not imply approval.","per_page","1219934417","35","A35","B35","True","","","[""/cdm-facts/t_2"", ""/cdm-facts/text_3""]","[256, 67]","[""Friday"", ""Arrive in Bordeaux. Collect a rental e-bike if you booked one.""]","[""#FFFF00"", ""#FFFF00""]","[""yellow_unapproved"", ""yellow_unapproved""]","proposed_role_alias","src/data/cdm2027.ts: WEEK_PLAN","True","Approve live version | Adopt per-page version | Use a merged version (enter merged_version) | Escalate / needs clarification","","",""
"R0105","/canal-des-deux-mers/week_plan/saturday","05_CDM_TOUR","Saturday: Packed and ready to roll at breakfast. Ride briefing at breakfast. Rolling by 8:45AM","[""Saturday"", ""Ride briefing at breakfast, then wheels roll in the morning.""]","divergent","merge","Field key structure differs; proposed role mapping must be reviewed: /canal-des-deux-mers/week_plan/saturday -> /cdm-facts/t_3, /cdm-facts/text_4. One-to-many mapping: live_tab_version is a JSON array of verbatim live cells in mapped key order. No rendered sentence is invented; punctuation/link assembly lives in Astro. Source combines day label and body; live stores these separately. Compare/merge into their existing roles. Live copy cell has yellow fill (owner describes as unapproved); matching wording does not imply approval.","per_page","1219934417","36","A36","B36","True","","","[""/cdm-facts/t_3"", ""/cdm-facts/text_4""]","[257, 68]","[""Saturday"", ""Ride briefing at breakfast, then wheels roll in the morning.""]","[""#FFFF00"", ""#FFFF00""]","[""yellow_unapproved"", ""yellow_unapproved""]","proposed_role_alias","src/data/cdm2027.ts: WEEK_PLAN","True","Approve live version | Adopt per-page version | Use a merged version (enter merged_version) | Escalate / needs clarification","","",""
"R0106","/canal-des-deux-mers/week_plan/riding_days","05_CDM_TOUR","Nine riding days: The group rides the canal path from Bordeaux to Sète, with one rest day and two nights in Toulouse.","[""Nine riding days"", ""The group rides the canal path from Bordeaux to Sète, with one rest day and two nights in Toulouse.""]","divergent","merge","Field key structure differs; proposed role mapping must be reviewed: /canal-des-deux-mers/week_plan/riding_days -> /cdm-facts/t_4, /cdm-facts/text_5. One-to-many mapping: live_tab_version is a JSON array of verbatim live cells in mapped key order. No rendered sentence is invented; punctuation/link assembly lives in Astro. Source combines day label and body; live stores these separately. Compare/merge into their existing roles. Live copy cell has yellow fill (owner describes as unapproved); matching wording does not imply approval.","per_page","1219934417","37","A37","B37","True","","","[""/cdm-facts/t_4"", ""/cdm-facts/text_5""]","[258, 69]","[""Nine riding days"", ""The group rides the canal path from Bordeaux to Sète, with one rest day and two nights in Toulouse.""]","[""#FFFF00"", ""#FFFF00""]","[""yellow_unapproved"", ""yellow_unapproved""]","proposed_role_alias","src/data/cdm2027.ts: WEEK_PLAN","True","Approve live version | Adopt per-page version | Use a merged version (enter merged_version) | Escalate / needs clarification","","",""
"R0107","/canal-des-deux-mers/week_plan/monday","05_CDM_TOUR","Monday: Final group night in Sète; dinner and good-byes.","[""Monday"", ""Final group night in Sète.""]","divergent","merge","Field key structure differs; proposed role mapping must be reviewed: /canal-des-deux-mers/week_plan/monday -> /cdm-facts/t_5, /cdm-facts/text_6. One-to-many mapping: live_tab_version is a JSON array of verbatim live cells in mapped key order. No rendered sentence is invented; punctuation/link assembly lives in Astro. Source combines day label and body; live stores these separately. Compare/merge into their existing roles. Live copy cell has yellow fill (owner describes as unapproved); matching wording does not imply approval.","per_page","1219934417","38","A38","B38","True","","","[""/cdm-facts/t_5"", ""/cdm-facts/text_6""]","[259, 70]","[""Monday"", ""Final group night in Sète.""]","[""#FFFF00"", ""#FFFF00""]","[""yellow_unapproved"", ""yellow_unapproved""]","proposed_role_alias","src/data/cdm2027.ts: WEEK_PLAN","True","Approve live version | Adopt per-page version | Use a merged version (enter merged_version) | Escalate / needs clarification","","",""
"R0108","/canal-des-deux-mers/week_plan/tuesday","05_CDM_TOUR","Tuesday: Participants on their own from the morning. I have had many suggestions that people plan an extra day in Sète because it is a very cool Mediterranean beach town with lots of canals!","[""Tuesday"", ""Guests are on their own from the morning.""]","divergent","merge","Field key structure differs; proposed role mapping must be reviewed: /canal-des-deux-mers/week_plan/tuesday -> /cdm-facts/t_6, /cdm-facts/text_7. One-to-many mapping: live_tab_version is a JSON array of verbatim live cells in mapped key order. No rendered sentence is invented; punctuation/link assembly lives in Astro. Source combines day label and body; live stores these separately. Compare/merge into their existing roles. Live copy cell has yellow fill (owner describes as unapproved); matching wording does not imply approval.","per_page","1219934417","39","A39","B39","True","","","[""/cdm-facts/t_6"", ""/cdm-facts/text_7""]","[260, 71]","[""Tuesday"", ""Guests are on their own from the morning.""]","[""#FFFF00"", ""#FFFF00""]","[""yellow_unapproved"", ""yellow_unapproved""]","proposed_role_alias","src/data/cdm2027.ts: WEEK_PLAN","True","Approve live version | Adopt per-page version | Use a merged version (enter merged_version) | Escalate / needs clarification","","",""
"R0109","/canal-des-deux-mers/toulouse_dinner/text","05_CDM_TOUR","The second evening in Toulouse includes a dinner at a Michelin star'd restaurant. Not at all fancy but may well be one of your favorite meals.","The second evening in Toulouse includes a dinner at a Michelin restaurant.","divergent","needs_decision","Field key structure differs; proposed role mapping must be reviewed: /canal-des-deux-mers/toulouse_dinner/text -> /cdm-facts/text_8. Per-page promises a Michelin starred restaurant; live says Michelin restaurant without a star claim. Confirm supplier/rating commitment before adoption. Live copy cell has yellow fill (owner describes as unapproved); matching wording does not imply approval.","per_page","1219934417","40","A40","B40","True","","","[""/cdm-facts/text_8""]","[72]","[""The second evening in Toulouse includes a dinner at a Michelin restaurant.""]","[""#FFFF00""]","[""yellow_unapproved""]","proposed_role_alias","src/data/cdm2027.ts: TOULOUSE_DINNER","True","Approve live version | Adopt per-page version | Use a merged version (enter merged_version) | Escalate / needs clarification","","",""
"R0110","/canal-des-deux-mers/toulouse_dinner/dress","05_CDM_TOUR","Dress expectation: a collared shirt such as a polo for men, and business-casual clothing for women. France in general and particularly the southwest is fairly casual. ","Dress expectation: a collared shirt such as a polo for men, and business-casual clothing for women.","divergent","adopt_per_page","Field key structure differs; proposed role mapping must be reviewed: /canal-des-deux-mers/toulouse_dinner/dress -> /cdm-facts/copy_25. Trailing whitespace in source preserved verbatim. Live copy cell has yellow fill (owner describes as unapproved); matching wording does not imply approval.","per_page","1219934417","41","A41","B41","True","","","[""/cdm-facts/copy_25""]","[224]","[""Dress expectation: a collared shirt such as a polo for men, and business-casual clothing for women.""]","[""#FFFF00""]","[""yellow_unapproved""]","proposed_role_alias","src/data/cdm2027.ts: TOULOUSE_DINNER","True","Approve live version | Adopt per-page version | Use a merged version (enter merged_version) | Escalate / needs clarification","","",""
"R0111","/canal-des-deux-mers/included/1","05_CDM_TOUR","Friday arrival night in Bordeaux.","Friday arrival night in Bordeaux.","identical","keep_live","Field key structure differs; proposed role mapping must be reviewed: /canal-des-deux-mers/included/1 -> /cdm-facts/copy_5. Live copy cell has yellow fill (owner describes as unapproved); matching wording does not imply approval.","per_page","1219934417","42","A42","B42","True","","","[""/cdm-facts/copy_5""]","[227]","[""Friday arrival night in Bordeaux.""]","[""#FFFF00""]","[""yellow_unapproved""]","proposed_role_alias","src/data/cdm2027.ts: INCLUDED","True","Approve live version | Adopt per-page version | Use a merged version (enter merged_version) | Escalate / needs clarification","","",""
"R0112","/canal-des-deux-mers/included/2","05_CDM_TOUR","Lodging for every tour night through the final night in Sète.","Lodging for every tour night through the final night in Sète.","identical","keep_live","Field key structure differs; proposed role mapping must be reviewed: /canal-des-deux-mers/included/2 -> /cdm-facts/copy_6. Live copy cell has yellow fill (owner describes as unapproved); matching wording does not imply approval.","per_page","1219934417","43","A43","B43","True","","","[""/cdm-facts/copy_6""]","[228]","[""Lodging for every tour night through the final night in Sète.""]","[""#FFFF00""]","[""yellow_unapproved""]","proposed_role_alias","src/data/cdm2027.ts: INCLUDED","True","Approve live version | Adopt per-page version | Use a merged version (enter merged_version) | Escalate / needs clarification","","",""
"R0113","/canal-des-deux-mers/included/3","05_CDM_TOUR","All breakfasts.","All breakfasts.","identical","keep_live","Field key structure differs; proposed role mapping must be reviewed: /canal-des-deux-mers/included/3 -> /cdm-facts/copy_7. Live copy cell has yellow fill (owner describes as unapproved); matching wording does not imply approval.","per_page","1219934417","44","A44","B44","True","","","[""/cdm-facts/copy_7""]","[229]","[""All breakfasts.""]","[""#FFFF00""]","[""yellow_unapproved""]","proposed_role_alias","src/data/cdm2027.ts: INCLUDED","True","Approve live version | Adopt per-page version | Use a merged version (enter merged_version) | Escalate / needs clarification","","",""
"R0114","/canal-des-deux-mers/included/4","05_CDM_TOUR","All dinners, except two independent evenings: the arrival evening in Toulouse and the evening in Carcassonne.","All dinners, except two independent evenings: the arrival evening in Toulouse and the evening in Carcassonne.","identical","keep_live","Field key structure differs; proposed role mapping must be reviewed: /canal-des-deux-mers/included/4 -> /cdm-facts/copy_8. Live copy cell has yellow fill (owner describes as unapproved); matching wording does not imply approval.","per_page","1219934417","45","A45","B45","True","","","[""/cdm-facts/copy_8""]","[230]","[""All dinners, except two independent evenings: the arrival evening in Toulouse and the evening in Carcassonne.""]","[""#FFFF00""]","[""yellow_unapproved""]","proposed_role_alias","src/data/cdm2027.ts: INCLUDED","True","Approve live version | Adopt per-page version | Use a merged version (enter merged_version) | Escalate / needs clarification","","",""
"R0115","/canal-des-deux-mers/included/5","05_CDM_TOUR","A Michelin star'd restaurant dinner on the second evening in Toulouse.","A Michelin restaurant dinner on the second evening in Toulouse.","divergent","needs_decision","Field key structure differs; proposed role mapping must be reviewed: /canal-des-deux-mers/included/5 -> /cdm-facts/copy_9. Per-page promises a Michelin starred restaurant; live says Michelin restaurant without a star claim. Confirm supplier/rating commitment before adoption. Live copy cell has yellow fill (owner describes as unapproved); matching wording does not imply approval.","per_page","1219934417","46","A46","B46","True","","","[""/cdm-facts/copy_9""]","[231]","[""A Michelin restaurant dinner on the second evening in Toulouse.""]","[""#FFFF00""]","[""yellow_unapproved""]","proposed_role_alias","src/data/cdm2027.ts: INCLUDED","True","Approve live version | Adopt per-page version | Use a merged version (enter merged_version) | Escalate / needs clarification","","",""
"R0116","/canal-des-deux-mers/included/6","05_CDM_TOUR","A ride briefing each morning at breakfast.","A ride briefing each morning at breakfast.","identical","keep_live","Field key structure differs; proposed role mapping must be reviewed: /canal-des-deux-mers/included/6 -> /cdm-facts/copy_10. Live copy cell has yellow fill (owner describes as unapproved); matching wording does not imply approval.","per_page","1219934417","47","A47","B47","True","","","[""/cdm-facts/copy_10""]","[208]","[""A ride briefing each morning at breakfast.""]","[""#FFFF00""]","[""yellow_unapproved""]","proposed_role_alias","src/data/cdm2027.ts: INCLUDED","True","Approve live version | Adopt per-page version | Use a merged version (enter merged_version) | Escalate / needs clarification","","",""
"R0117","/canal-des-deux-mers/included/7","05_CDM_TOUR","Routes in a BikeTourFrance.net RideWithGPS collection built for this tour.","Routes in a BikeTourFrance.net RideWithGPS collection built for this tour.","identical","keep_live","Field key structure differs; proposed role mapping must be reviewed: /canal-des-deux-mers/included/7 -> /cdm-facts/copy_11. Live copy cell has yellow fill (owner describes as unapproved); matching wording does not imply approval.","per_page","1219934417","48","A48","B48","True","","","[""/cdm-facts/copy_11""]","[209]","[""Routes in a BikeTourFrance.net RideWithGPS collection built for this tour.""]","[""#FFFF00""]","[""yellow_unapproved""]","proposed_role_alias","src/data/cdm2027.ts: INCLUDED","True","Approve live version | Adopt per-page version | Use a merged version (enter merged_version) | Escalate / needs clarification","","",""
"R0118","/canal-des-deux-mers/included/8","05_CDM_TOUR","Route notes on lunch, water, and restroom options for each riding day.","Route notes on lunch, water, and restroom options for each riding day.","identical","keep_live","Field key structure differs; proposed role mapping must be reviewed: /canal-des-deux-mers/included/8 -> /cdm-facts/copy_12. Live copy cell has yellow fill (owner describes as unapproved); matching wording does not imply approval.","per_page","1219934417","49","A49","B49","True","","","[""/cdm-facts/copy_12""]","[210]","[""Route notes on lunch, water, and restroom options for each riding day.""]","[""#FFFF00""]","[""yellow_unapproved""]","proposed_role_alias","src/data/cdm2027.ts: INCLUDED","True","Approve live version | Adopt per-page version | Use a merged version (enter merged_version) | Escalate / needs clarification","","",""
"R0119","/canal-des-deux-mers/included/9","05_CDM_TOUR","Access to planning resources: packing lists, French phrases to practice, audio history guides for each riding day, and background reading by ride day and region.","Access to planning resources: packing lists, French phrases to practice, audio history guides for each riding day, and background reading by ride day and region.","identical","keep_live","Field key structure differs; proposed role mapping must be reviewed: /canal-des-deux-mers/included/9 -> /cdm-facts/copy_13. Live copy cell has yellow fill (owner describes as unapproved); matching wording does not imply approval.","per_page","1219934417","50","A50","B50","True","","","[""/cdm-facts/copy_13""]","[211]","[""Access to planning resources: packing lists, French phrases to practice, audio history guides for each riding day, and background reading by ride day and region.""]","[""#FFFF00""]","[""yellow_unapproved""]","proposed_role_alias","src/data/cdm2027.ts: INCLUDED","True","Approve live version | Adopt per-page version | Use a merged version (enter merged_version) | Escalate / needs clarification","","",""
"R0120","/resources/eyebrow","06_RESOURCES","Resources","Resources","identical","keep_live","Field key structure differs; proposed role mapping must be reviewed: /resources/eyebrow -> /nav/resources. Live copy cell has yellow fill (owner describes as unapproved); matching wording does not imply approval. Shared live destination /nav/resources also targeted by R0004. Resolve decisions together to avoid conflicting writes.","per_page","2125627941","1","A1","B1","True","","","[""/nav/resources""]","[235]","[""Resources""]","[""#FFFF00""]","[""yellow_unapproved""]","proposed_role_alias","src/pages/resources/index.astro","True","Approve live version | Adopt per-page version | Use a merged version (enter merged_version) | Escalate / needs clarification","","",""
"R0121","/resources/h1","06_RESOURCES","Resources for planning and riding","Resources for planning and riding","identical","keep_live","Field key structure differs; proposed role mapping must be reviewed: /resources/h1 -> /resources-page/heading_1. Live copy cell has yellow fill (owner describes as unapproved); matching wording does not imply approval.","per_page","2125627941","2","A2","B2","True","","","[""/resources-page/heading_1""]","[172]","[""Resources for planning and riding""]","[""#FFFF00""]","[""yellow_unapproved""]","proposed_role_alias","src/pages/resources/index.astro","True","Approve live version | Adopt per-page version | Use a merged version (enter merged_version) | Escalate / needs clarification","","",""
"R0122","/resources/on_page_text","06_RESOURCES","On this page: Templates, Audio guides, Reading, Helpful sites.","[""On this page:"", ""Templates"", ""Audio guides"", ""Reading"", ""Helpful Sites""]","divergent","needs_decision","Field key structure differs; proposed role mapping must be reviewed: /resources/on_page_text -> /resources-page/frag_1, /resources-page/frag_2, /resources-page/frag_3, /resources-page/heading_3, /resources/helpful_sites_heading. One-to-many mapping: live_tab_version is a JSON array of verbatim live cells in mapped key order. No rendered sentence is invented; punctuation/link assembly lives in Astro. Live copy cell has yellow fill (owner describes as unapproved); matching wording does not imply approval. Shared live destination /resources-page/frag_2 also targeted by R0123. Resolve decisions together to avoid conflicting writes. Shared live destination /resources-page/heading_3 also targeted by R0129. Resolve decisions together to avoid conflicting writes. Shared live destination /resources/helpful_sites_heading also targeted by R0130. Resolve decisions together to avoid conflicting writes.","per_page","2125627941","3","A3","B3","True","","","[""/resources-page/frag_1"", ""/resources-page/frag_2"", ""/resources-page/frag_3"", ""/resources-page/heading_3"", ""/resources/helpful_sites_heading""]","[287, 289, 290, 174, 42]","[""On this page:"", ""Templates"", ""Audio guides"", ""Reading"", ""Helpful Sites""]","[""#FFFF00"", ""#FFFF00"", ""#FFFF00"", ""#FFFF00"", ""#FFFFFF""]","[""yellow_unapproved"", ""yellow_unapproved"", ""yellow_unapproved"", ""yellow_unapproved"", ""white_no_explicit_approval""]","proposed_role_alias","src/pages/resources/index.astro","True","Approve live version | Adopt per-page version | Use a merged version (enter merged_version) | Escalate / needs clarification","","",""
"R0123","/resources/templates_heading","06_RESOURCES","Templates","Templates","identical","needs_decision","Field key structure differs; proposed role mapping must be reviewed: /resources/templates_heading -> /resources-page/frag_2. Live copy cell has yellow fill (owner describes as unapproved); matching wording does not imply approval. Shared live destination /resources-page/frag_2 also targeted by R0122. Resolve decisions together to avoid conflicting writes.","per_page","2125627941","4","A4","B4","True","","","[""/resources-page/frag_2""]","[289]","[""Templates""]","[""#FFFF00""]","[""yellow_unapproved""]","proposed_role_alias","src/pages/resources/index.astro","True","Approve live version | Adopt per-page version | Use a merged version (enter merged_version) | Escalate / needs clarification","","",""
"R0124","/resources/audio_heading","06_RESOURCES","Audio guides for the Canal des Deux Mers","Audio guides for the Canal des Deux Mers","identical","keep_live","Field key structure differs; proposed role mapping must be reviewed: /resources/audio_heading -> /resources-page/heading_2. Live copy cell has yellow fill (owner describes as unapproved); matching wording does not imply approval.","per_page","2125627941","5","A5","B5","True","","","[""/resources-page/heading_2""]","[173]","[""Audio guides for the Canal des Deux Mers""]","[""#FFFF00""]","[""yellow_unapproved""]","proposed_role_alias","src/pages/resources/index.astro","True","Approve live version | Adopt per-page version | Use a merged version (enter merged_version) | Escalate / needs clarification","","",""
"R0125","/resources/audio_intro","06_RESOURCES","A short history guide for each riding day, from Bordeaux to Sète. Press play to listen here, or download a file to listen offline. The files load only when you press play.","A short history guide for each riding day, from Bordeaux to Sète. Press play to listen here, or download a file to listen offline. The files load only when you press play.","identical","keep_live","Field key structure differs; proposed role mapping must be reviewed: /resources/audio_intro -> /resources-page/body_1. Live copy cell has yellow fill (owner describes as unapproved); matching wording does not imply approval.","per_page","2125627941","6","A6","B6","True","","","[""/resources-page/body_1""]","[171]","[""A short history guide for each riding day, from Bordeaux to Sète. Press play to listen here, or download a file to listen offline. The files load only when you press play.""]","[""#FFFF00""]","[""yellow_unapproved""]","proposed_role_alias","src/pages/resources/index.astro","True","Approve live version | Adopt per-page version | Use a merged version (enter merged_version) | Escalate / needs clarification","","",""
"R0126","/resources/food_heading","06_RESOURCES","Food","Food","identical","keep_live","Field key structure differs; proposed role mapping must be reviewed: /resources/food_heading -> /resources-page/frag_5. Live copy cell has yellow fill (owner describes as unapproved); matching wording does not imply approval.","per_page","2125627941","7","A7","B7","True","","","[""/resources-page/frag_5""]","[291]","[""Food""]","[""#FFFF00""]","[""yellow_unapproved""]","proposed_role_alias","src/pages/resources/index.astro","True","Approve live version | Adopt per-page version | Use a merged version (enter merged_version) | Escalate / needs clarification","","",""
"R0127","/resources/french_heading","06_RESOURCES","French practice","French practice","identical","keep_live","Field key structure differs; proposed role mapping must be reviewed: /resources/french_heading -> /resources-page/frag_8. Live copy cell has yellow fill (owner describes as unapproved); matching wording does not imply approval.","per_page","2125627941","8","A8","B8","True","","","[""/resources-page/frag_8""]","[294]","[""French practice""]","[""#FFFF00""]","[""yellow_unapproved""]","proposed_role_alias","src/pages/resources/index.astro","True","Approve live version | Adopt per-page version | Use a merged version (enter merged_version) | Escalate / needs clarification","","",""
"R0128","/resources/french_text","06_RESOURCES","Simple French phrases to listen to and repeat are in the BikeTourFrance.net resource library: French learning audio.","[""Simple French phrases to listen to and repeat are in the BikeTourFrance.net resource library:"", ""French learning audio""]","divergent","merge","Field key structure differs; proposed role mapping must be reviewed: /resources/french_text -> /resources-page/frag_9, /resources-page/frag_10. One-to-many mapping: live_tab_version is a JSON array of verbatim live cells in mapped key order. No rendered sentence is invented; punctuation/link assembly lives in Astro. Live copy cell has yellow fill (owner describes as unapproved); matching wording does not imply approval.","per_page","2125627941","9","A9","B9","True","","","[""/resources-page/frag_9"", ""/resources-page/frag_10""]","[295, 288]","[""Simple French phrases to listen to and repeat are in the BikeTourFrance.net resource library:"", ""French learning audio""]","[""#FFFF00"", ""#FFFF00""]","[""yellow_unapproved"", ""yellow_unapproved""]","proposed_role_alias","src/pages/resources/index.astro","True","Approve live version | Adopt per-page version | Use a merged version (enter merged_version) | Escalate / needs clarification","","",""
"R0129","/resources/reading_heading","06_RESOURCES","Reading","Reading","identical","needs_decision","Field key structure differs; proposed role mapping must be reviewed: /resources/reading_heading -> /resources-page/heading_3. Live copy cell has yellow fill (owner describes as unapproved); matching wording does not imply approval. Shared live destination /resources-page/heading_3 also targeted by R0122. Resolve decisions together to avoid conflicting writes.","per_page","2125627941","10","A10","B10","True","","","[""/resources-page/heading_3""]","[174]","[""Reading""]","[""#FFFF00""]","[""yellow_unapproved""]","proposed_role_alias","src/pages/resources/index.astro","True","Approve live version | Adopt per-page version | Use a merged version (enter merged_version) | Escalate / needs clarification","","",""
"R0130","/resources/helpful_sites_heading","06_RESOURCES","Helpful Sites (from approved-copy)","Helpful Sites","divergent","needs_decision","Possible test/editorial annotation ""(from approved-copy)"" in per-page text; literal inclusion would appear on the site. Shared live destination /resources/helpful_sites_heading also targeted by R0122. Resolve decisions together to avoid conflicting writes.","per_page","2125627941","11","A11","B11","True","","","[""/resources/helpful_sites_heading""]","[42]","[""Helpful Sites""]","[""#FFFFFF""]","[""white_no_explicit_approval""]","exact_key","","True","Approve live version | Adopt per-page version | Use a merged version (enter merged_version) | Escalate / needs clarification","","",""
"R0131","/resources/contact_cta_heading","06_RESOURCES","Missing something?","Missing something?","identical","keep_live","Field key structure differs; proposed role mapping must be reviewed: /resources/contact_cta_heading -> /resources-x/p_2. Live copy cell has yellow fill (owner describes as unapproved); matching wording does not imply approval.","per_page","2125627941","12","A12","B12","True","","","[""/resources-x/p_2""]","[306]","[""Missing something?""]","[""#FFFF00""]","[""yellow_unapproved""]","proposed_role_alias","src/pages/resources/index.astro","True","Approve live version | Adopt per-page version | Use a merged version (enter merged_version) | Escalate / needs clarification","","",""
"R0132","/resources/contact_cta_text","06_RESOURCES","Tell John what would make planning easier and he will consider adding it.","Tell John what would make planning easier and he will consider adding it.","identical","keep_live","Field key structure differs; proposed role mapping must be reviewed: /resources/contact_cta_text -> /resources-x/p_3. Live copy cell has yellow fill (owner describes as unapproved); matching wording does not imply approval.","per_page","2125627941","13","A13","B13","True","","","[""/resources-x/p_3""]","[307]","[""Tell John what would make planning easier and he will consider adding it.""]","[""#FFFF00""]","[""yellow_unapproved""]","proposed_role_alias","src/pages/resources/index.astro","True","Approve live version | Adopt per-page version | Use a merged version (enter merged_version) | Escalate / needs clarification","","",""
"R0133","/resources/audio_guides/complete","06_RESOURCES","Complete Canal des Deux Mers audio route guide","Complete Canal des Deux Mers audio route guide","identical","keep_live","Field key structure differs; proposed role mapping must be reviewed: /resources/audio_guides/complete -> /resources-library/text_1. Live copy cell has yellow fill (owner describes as unapproved); matching wording does not imply approval.","per_page","2125627941","14","A14","B14","True","","","[""/resources-library/text_1""]","[142]","[""Complete Canal des Deux Mers audio route guide""]","[""#FFFF00""]","[""yellow_unapproved""]","proposed_role_alias","src/data/resources.ts: AUDIO_GUIDES","True","Approve live version | Adopt per-page version | Use a merged version (enter merged_version) | Escalate / needs clarification","","",""
"R0134","/resources/audio_guides/intro","06_RESOURCES","Introduction","Introduction","identical","keep_live","Field key structure differs; proposed role mapping must be reviewed: /resources/audio_guides/intro -> /resources-library/text_2. Live copy cell has yellow fill (owner describes as unapproved); matching wording does not imply approval.","per_page","2125627941","15","A15","B15","True","","","[""/resources-library/text_2""]","[153]","[""Introduction""]","[""#FFFF00""]","[""yellow_unapproved""]","proposed_role_alias","src/data/resources.ts: AUDIO_GUIDES","True","Approve live version | Adopt per-page version | Use a merged version (enter merged_version) | Escalate / needs clarification","","",""
"R0135","/resources/audio_guides/rd1","06_RESOURCES","Riding day 1: Bordeaux to La Réole","Riding day 1: Bordeaux to La Réole","identical","keep_live","Field key structure differs; proposed role mapping must be reviewed: /resources/audio_guides/rd1 -> /resources-library/text_3. Live copy cell has yellow fill (owner describes as unapproved); matching wording does not imply approval.","per_page","2125627941","16","A16","B16","True","","","[""/resources-library/text_3""]","[164]","[""Riding day 1: Bordeaux to La Réole""]","[""#FFFF00""]","[""yellow_unapproved""]","proposed_role_alias","src/data/resources.ts: AUDIO_GUIDES","True","Approve live version | Adopt per-page version | Use a merged version (enter merged_version) | Escalate / needs clarification","","",""
"R0136","/resources/audio_guides/rd2","06_RESOURCES","Riding day 2: La Réole to Agen","Riding day 2: La Réole to Agen","identical","keep_live","Field key structure differs; proposed role mapping must be reviewed: /resources/audio_guides/rd2 -> /resources-library/text_4. Live copy cell has yellow fill (owner describes as unapproved); matching wording does not imply approval.","per_page","2125627941","17","A17","B17","True","","","[""/resources-library/text_4""]","[165]","[""Riding day 2: La Réole to Agen""]","[""#FFFF00""]","[""yellow_unapproved""]","proposed_role_alias","src/data/resources.ts: AUDIO_GUIDES","True","Approve live version | Adopt per-page version | Use a merged version (enter merged_version) | Escalate / needs clarification","","",""
"R0137","/resources/audio_guides/rd3","06_RESOURCES","Riding day 3: Agen to Moissac","Riding day 3: Agen to Moissac","identical","keep_live","Field key structure differs; proposed role mapping must be reviewed: /resources/audio_guides/rd3 -> /resources-library/text_5. Live copy cell has yellow fill (owner describes as unapproved); matching wording does not imply approval.","per_page","2125627941","18","A18","B18","True","","","[""/resources-library/text_5""]","[166]","[""Riding day 3: Agen to Moissac""]","[""#FFFF00""]","[""yellow_unapproved""]","proposed_role_alias","src/data/resources.ts: AUDIO_GUIDES","True","Approve live version | Adopt per-page version | Use a merged version (enter merged_version) | Escalate / needs clarification","","",""
"R0138","/resources/audio_guides/rd4","06_RESOURCES","Riding day 4: Moissac to Toulouse","Riding day 4: Moissac to Toulouse","identical","keep_live","Field key structure differs; proposed role mapping must be reviewed: /resources/audio_guides/rd4 -> /resources-library/text_6. Live copy cell has yellow fill (owner describes as unapproved); matching wording does not imply approval.","per_page","2125627941","19","A19","B19","True","","","[""/resources-library/text_6""]","[167]","[""Riding day 4: Moissac to Toulouse""]","[""#FFFF00""]","[""yellow_unapproved""]","proposed_role_alias","src/data/resources.ts: AUDIO_GUIDES","True","Approve live version | Adopt per-page version | Use a merged version (enter merged_version) | Escalate / needs clarification","","",""
"R0139","/resources/audio_guides/rest","06_RESOURCES","Toulouse rest day","Toulouse rest day","identical","keep_live","Field key structure differs; proposed role mapping must be reviewed: /resources/audio_guides/rest -> /resources-library/text_7. Live copy cell has yellow fill (owner describes as unapproved); matching wording does not imply approval.","per_page","2125627941","20","A20","B20","True","","","[""/resources-library/text_7""]","[168]","[""Toulouse rest day""]","[""#FFFF00""]","[""yellow_unapproved""]","proposed_role_alias","src/data/resources.ts: AUDIO_GUIDES","True","Approve live version | Adopt per-page version | Use a merged version (enter merged_version) | Escalate / needs clarification","","",""
"R0140","/resources/audio_guides/rd5","06_RESOURCES","Riding day 5: Toulouse to Castelnaudary","Riding day 5: Toulouse to Castelnaudary","identical","keep_live","Field key structure differs; proposed role mapping must be reviewed: /resources/audio_guides/rd5 -> /resources-library/text_8. Live copy cell has yellow fill (owner describes as unapproved); matching wording does not imply approval.","per_page","2125627941","21","A21","B21","True","","","[""/resources-library/text_8""]","[169]","[""Riding day 5: Toulouse to Castelnaudary""]","[""#FFFF00""]","[""yellow_unapproved""]","proposed_role_alias","src/data/resources.ts: AUDIO_GUIDES","True","Approve live version | Adopt per-page version | Use a merged version (enter merged_version) | Escalate / needs clarification","","",""
"R0141","/resources/audio_guides/rd6","06_RESOURCES","Riding day 6: Castelnaudary to Carcassonne","Riding day 6: Castelnaudary to Carcassonne","identical","keep_live","Field key structure differs; proposed role mapping must be reviewed: /resources/audio_guides/rd6 -> /resources-library/text_9. Live copy cell has yellow fill (owner describes as unapproved); matching wording does not imply approval.","per_page","2125627941","22","A22","B22","True","","","[""/resources-library/text_9""]","[170]","[""Riding day 6: Castelnaudary to Carcassonne""]","[""#FFFF00""]","[""yellow_unapproved""]","proposed_role_alias","src/data/resources.ts: AUDIO_GUIDES","True","Approve live version | Adopt per-page version | Use a merged version (enter merged_version) | Escalate / needs clarification","","",""
"R0142","/resources/audio_guides/rd7","06_RESOURCES","Riding day 7: Carcassonne to Tourouzelle","Riding day 7: Carcassonne to Lézignan-Corbières","divergent","needs_decision","Field key structure differs; proposed role mapping must be reviewed: /resources/audio_guides/rd7 -> /resources-library/text_10. Route stop conflict: per-page uses Tourouzelle; live audio labels and live tour stops use Lézignan-Corbières. Per-page 05_CDM_TOUR/stops/8 also uses Lézignan-Corbières. Confirm itinerary/audio alignment. Live copy cell has yellow fill (owner describes as unapproved); matching wording does not imply approval.","per_page","2125627941","23","A23","B23","True","","","[""/resources-library/text_10""]","[143]","[""Riding day 7: Carcassonne to Lézignan-Corbières""]","[""#FFFF00""]","[""yellow_unapproved""]","proposed_role_alias","src/data/resources.ts: AUDIO_GUIDES","True","Approve live version | Adopt per-page version | Use a merged version (enter merged_version) | Escalate / needs clarification","","",""
"R0143","/resources/audio_guides/rd8","06_RESOURCES","Riding day 8: Tourouzelle to Capestang","Riding day 8: Lézignan-Corbières to Capestang","divergent","needs_decision","Field key structure differs; proposed role mapping must be reviewed: /resources/audio_guides/rd8 -> /resources-library/text_11. Route stop conflict: per-page uses Tourouzelle; live audio labels and live tour stops use Lézignan-Corbières. Per-page 05_CDM_TOUR/stops/8 also uses Lézignan-Corbières. Confirm itinerary/audio alignment. Live copy cell has yellow fill (owner describes as unapproved); matching wording does not imply approval.","per_page","2125627941","24","A24","B24","True","","","[""/resources-library/text_11""]","[144]","[""Riding day 8: Lézignan-Corbières to Capestang""]","[""#FFFF00""]","[""yellow_unapproved""]","proposed_role_alias","src/data/resources.ts: AUDIO_GUIDES","True","Approve live version | Adopt per-page version | Use a merged version (enter merged_version) | Escalate / needs clarification","","",""
"R0144","/resources/audio_guides/rd9","06_RESOURCES","Riding day 9: Capestang to Sète","Riding day 9: Capestang to Sète","identical","keep_live","Field key structure differs; proposed role mapping must be reviewed: /resources/audio_guides/rd9 -> /resources-library/text_12. Live copy cell has yellow fill (owner describes as unapproved); matching wording does not imply approval.","per_page","2125627941","25","A25","B25","True","","","[""/resources-library/text_12""]","[145]","[""Riding day 9: Capestang to Sète""]","[""#FFFF00""]","[""yellow_unapproved""]","proposed_role_alias","src/data/resources.ts: AUDIO_GUIDES","True","Approve live version | Adopt per-page version | Use a merged version (enter merged_version) | Escalate / needs clarification","","",""
"R0145","/resources/audio_guides/conclusion","06_RESOURCES","Conclusion","Conclusion","identical","keep_live","Field key structure differs; proposed role mapping must be reviewed: /resources/audio_guides/conclusion -> /resources-library/text_13. Live copy cell has yellow fill (owner describes as unapproved); matching wording does not imply approval.","per_page","2125627941","26","A26","B26","True","","","[""/resources-library/text_13""]","[146]","[""Conclusion""]","[""#FFFF00""]","[""yellow_unapproved""]","proposed_role_alias","src/data/resources.ts: AUDIO_GUIDES","True","Approve live version | Adopt per-page version | Use a merged version (enter merged_version) | Escalate / needs clarification","","",""
"R0146","/resources/food_audio","06_RESOURCES","The Cooking of Southwest France: introduction","The Cooking of Southwest France: introduction","identical","keep_live","Field key structure differs; proposed role mapping must be reviewed: /resources/food_audio -> /resources-library/text_14. Live copy cell has yellow fill (owner describes as unapproved); matching wording does not imply approval.","per_page","2125627941","27","A27","B27","True","","","[""/resources-library/text_14""]","[147]","[""The Cooking of Southwest France: introduction""]","[""#FFFF00""]","[""yellow_unapproved""]","proposed_role_alias","src/data/resources.ts","True","Approve live version | Adopt per-page version | Use a merged version (enter merged_version) | Escalate / needs clarification","","",""
"R0147","/resources/templates/packing_list","06_RESOURCES","Bicycle Touring Pack List v2","Bicycle Touring Pack List v2","identical","keep_live","Field key structure differs; proposed role mapping must be reviewed: /resources/templates/packing_list -> /resources-library/text_15. Live copy cell has yellow fill (owner describes as unapproved); matching wording does not imply approval.","per_page","2125627941","28","A28","B28","True","","","[""/resources-library/text_15""]","[148]","[""Bicycle Touring Pack List v2""]","[""#FFFF00""]","[""yellow_unapproved""]","proposed_role_alias","src/data/resources.ts","True","Approve live version | Adopt per-page version | Use a merged version (enter merged_version) | Escalate / needs clarification","","",""
"R0148","/resources/narratives/historical","06_RESOURCES","Canal des Deux Mers historical narrative, mobile version","Canal des Deux Mers historical narrative, mobile version","identical","keep_live","Field key structure differs; proposed role mapping must be reviewed: /resources/narratives/historical -> /resources-library/text_17. Live copy cell has yellow fill (owner describes as unapproved); matching wording does not imply approval.","per_page","2125627941","29","A29","B29","True","","","[""/resources-library/text_17""]","[150]","[""Canal des Deux Mers historical narrative, mobile version""]","[""#FFFF00""]","[""yellow_unapproved""]","proposed_role_alias","src/data/resources.ts","True","Approve live version | Adopt per-page version | Use a merged version (enter merged_version) | Escalate / needs clarification","","",""
"R0149","/resources/trusted_sites/eurovelo","06_RESOURCES","EuroVelo","EuroVelo","identical","keep_live","Field key structure differs; proposed role mapping must be reviewed: /resources/trusted_sites/eurovelo -> /resources-library/text_19. Live copy cell has yellow fill (owner describes as unapproved); matching wording does not imply approval.","per_page","2125627941","30","A30","B30","True","","","[""/resources-library/text_19""]","[152]","[""EuroVelo""]","[""#FFFF00""]","[""yellow_unapproved""]","proposed_role_alias","src/data/resources.ts","True","Approve live version | Adopt per-page version | Use a merged version (enter merged_version) | Escalate / needs clarification","","",""
"R0150","/resources/trusted_sites/france_velo","06_RESOURCES","France Vélo Tourisme","France Vélo Tourisme","identical","keep_live","Field key structure differs; proposed role mapping must be reviewed: /resources/trusted_sites/france_velo -> /resources-library/text_20. Live copy cell has yellow fill (owner describes as unapproved); matching wording does not imply approval.","per_page","2125627941","31","A31","B31","True","","","[""/resources-library/text_20""]","[154]","[""France Vélo Tourisme""]","[""#FFFF00""]","[""yellow_unapproved""]","proposed_role_alias","src/data/resources.ts","True","Approve live version | Adopt per-page version | Use a merged version (enter merged_version) | Escalate / needs clarification","","",""
"R0151","/resources/trusted_sites/komoot","06_RESOURCES","Komoot","Komoot","identical","keep_live","Field key structure differs; proposed role mapping must be reviewed: /resources/trusted_sites/komoot -> /resources-library/text_21. Live copy cell has yellow fill (owner describes as unapproved); matching wording does not imply approval.","per_page","2125627941","32","A32","B32","True","","","[""/resources-library/text_21""]","[155]","[""Komoot""]","[""#FFFF00""]","[""yellow_unapproved""]","proposed_role_alias","src/data/resources.ts","True","Approve live version | Adopt per-page version | Use a merged version (enter merged_version) | Escalate / needs clarification","","",""
"R0152","/resources/trusted_sites/ridewithgps","06_RESOURCES","RideWithGPS","RideWithGPS","identical","keep_live","Field key structure differs; proposed role mapping must be reviewed: /resources/trusted_sites/ridewithgps -> /resources-library/t_1. Live copy cell has yellow fill (owner describes as unapproved); matching wording does not imply approval.","per_page","2125627941","33","A33","B33","True","","","[""/resources-library/t_1""]","[265]","[""RideWithGPS""]","[""#FFFF00""]","[""yellow_unapproved""]","proposed_role_alias","src/data/resources.ts","True","Approve live version | Adopt per-page version | Use a merged version (enter merged_version) | Escalate / needs clarification","","",""
"R0153","/resources/trusted_sites/af3v","06_RESOURCES","AF3V (French greenways)","AF3V (French greenways)","identical","keep_live","Field key structure differs; proposed role mapping must be reviewed: /resources/trusted_sites/af3v -> /resources-library/text_22. Live copy cell has yellow fill (owner describes as unapproved); matching wording does not imply approval.","per_page","2125627941","34","A34","B34","True","","","[""/resources-library/text_22""]","[156]","[""AF3V (French greenways)""]","[""#FFFF00""]","[""yellow_unapproved""]","proposed_role_alias","src/data/resources.ts","True","Approve live version | Adopt per-page version | Use a merged version (enter merged_version) | Escalate / needs clarification","","",""
"R0154","/resources/trusted_sites/sncf","06_RESOURCES","SNCF Connect","SNCF Connect","identical","keep_live","Field key structure differs; proposed role mapping must be reviewed: /resources/trusted_sites/sncf -> /resources-library/text_23. Live copy cell has yellow fill (owner describes as unapproved); matching wording does not imply approval.","per_page","2125627941","35","A35","B35","True","","","[""/resources-library/text_23""]","[157]","[""SNCF Connect""]","[""#FFFF00""]","[""yellow_unapproved""]","proposed_role_alias","src/data/resources.ts","True","Approve live version | Adopt per-page version | Use a merged version (enter merged_version) | Escalate / needs clarification","","",""
"R0155","/resources/trusted_sites/ign","06_RESOURCES","IGN (French national geographic institute)","IGN (French national geographic institute)","identical","keep_live","Field key structure differs; proposed role mapping must be reviewed: /resources/trusted_sites/ign -> /resources-library/text_24. Live copy cell has yellow fill (owner describes as unapproved); matching wording does not imply approval.","per_page","2125627941","36","A36","B36","True","","","[""/resources-library/text_24""]","[158]","[""IGN (French national geographic institute)""]","[""#FFFF00""]","[""yellow_unapproved""]","proposed_role_alias","src/data/resources.ts","True","Approve live version | Adopt per-page version | Use a merged version (enter merged_version) | Escalate / needs clarification","","",""
"R0156","/resources/trusted_sites/velo_territoires","06_RESOURCES","Vélo & Territoires","Vélo & Territoires","identical","keep_live","Field key structure differs; proposed role mapping must be reviewed: /resources/trusted_sites/velo_territoires -> /resources-library/text_25. Live copy cell has yellow fill (owner describes as unapproved); matching wording does not imply approval.","per_page","2125627941","37","A37","B37","True","","","[""/resources-library/text_25""]","[159]","[""Vélo & Territoires""]","[""#FFFF00""]","[""yellow_unapproved""]","proposed_role_alias","src/data/resources.ts","True","Approve live version | Adopt per-page version | Use a merged version (enter merged_version) | Escalate / needs clarification","","",""
"R0157","/resources/trusted_sites/freewheeling","06_RESOURCES","FreeWheelingFrance.com","FreeWheelingFrance.com","identical","keep_live","Field key structure differs; proposed role mapping must be reviewed: /resources/trusted_sites/freewheeling -> /resources-library/text_26. Live copy cell has yellow fill (owner describes as unapproved); matching wording does not imply approval.","per_page","2125627941","38","A38","B38","True","","","[""/resources-library/text_26""]","[160]","[""FreeWheelingFrance.com""]","[""#FFFF00""]","[""yellow_unapproved""]","proposed_role_alias","src/data/resources.ts","True","Approve live version | Adopt per-page version | Use a merged version (enter merged_version) | Escalate / needs clarification","","",""
"R0158","/resources/trusted_sites/adventure_cycling","06_RESOURCES","Adventure Cycling Association: what to look for in a touring bike","Adventure Cycling Association: what to look for in a touring bike","identical","keep_live","Field key structure differs; proposed role mapping must be reviewed: /resources/trusted_sites/adventure_cycling -> /resources-library/text_27. Live copy cell has yellow fill (owner describes as unapproved); matching wording does not imply approval.","per_page","2125627941","39","A39","B39","True","","","[""/resources-library/text_27""]","[161]","[""Adventure Cycling Association: what to look for in a touring bike""]","[""#FFFF00""]","[""yellow_unapproved""]","proposed_role_alias","src/data/resources.ts","True","Approve live version | Adopt per-page version | Use a merged version (enter merged_version) | Escalate / needs clarification","","",""
"R0159","/resources/trusted_sites/peak_coast","06_RESOURCES","Peak & Coast Cycling Camp","Peak & Coast Cycling Camp","identical","keep_live","Field key structure differs; proposed role mapping must be reviewed: /resources/trusted_sites/peak_coast -> /resources-library/text_28. Live copy cell has yellow fill (owner describes as unapproved); matching wording does not imply approval.","per_page","2125627941","40","A40","B40","True","","","[""/resources-library/text_28""]","[162]","[""Peak & Coast Cycling Camp""]","[""#FFFF00""]","[""yellow_unapproved""]","proposed_role_alias","src/data/resources.ts","True","Approve live version | Adopt per-page version | Use a merged version (enter merged_version) | Escalate / needs clarification","","",""
"R0160","/resources/trusted_sites/azure","06_RESOURCES","Azure Cycle Tours","Azure Cycle Tours","identical","keep_live","Field key structure differs; proposed role mapping must be reviewed: /resources/trusted_sites/azure -> /resources-library/text_29. Live copy cell has yellow fill (owner describes as unapproved); matching wording does not imply approval.","per_page","2125627941","41","A41","B41","True","","","[""/resources-library/text_29""]","[163]","[""Azure Cycle Tours""]","[""#FFFF00""]","[""yellow_unapproved""]","proposed_role_alias","src/data/resources.ts","True","Approve live version | Adopt per-page version | Use a merged version (enter merged_version) | Escalate / needs clarification","","",""
"R0161","/waitlist-2027/h1","07_FORMS","Join the BikeTourFrance.net 2027 Tour Waitlist","Join the BikeTourFrance.net 2027 Tour Waitlist","identical","keep_live","Field key structure differs; proposed role mapping must be reviewed: /waitlist-2027/h1 -> /waitlist/heading_1. Live copy cell has yellow fill (owner describes as unapproved); matching wording does not imply approval.","per_page","277557714","1","A1","B1","True","","","[""/waitlist/heading_1""]","[201]","[""Join the BikeTourFrance.net 2027 Tour Waitlist""]","[""#FFFF00""]","[""yellow_unapproved""]","proposed_role_alias","src/pages/waitlist-2027.astro","True","Approve live version | Adopt per-page version | Use a merged version (enter merged_version) | Escalate / needs clarification","","",""
"R0162","/waitlist-2027/p","07_FORMS","Stay up to speed on the 2027 tours","Be among the first to hear when our 2027 tours are ready.","divergent","adopt_per_page","Field key structure differs; proposed role mapping must be reviewed: /waitlist-2027/p -> /waitlist/body_1. Live copy cell has yellow fill (owner describes as unapproved); matching wording does not imply approval.","per_page","277557714","2","A2","B2","True","","","[""/waitlist/body_1""]","[197]","[""Be among the first to hear when our 2027 tours are ready.""]","[""#FFFF00""]","[""yellow_unapproved""]","proposed_role_alias","src/pages/waitlist-2027.astro","True","Approve live version | Adopt per-page version | Use a merged version (enter merged_version) | Escalate / needs clarification","","",""
"R0163","/waitlist-2027/intro","07_FORMS","The waitlist is the simplest way to show interest in a 2027 tour. Tell us your name and the season you prefer. When 2027 tours are finalized, you will hear from us by email. Joining does not commit you to anything.","The waitlist is the simplest way to show interest in a 2027 tour. Tell us your name and the season you prefer. When 2027 tours are finalized, you will hear from us by email. Joining does not commit you to anything.","identical","keep_live","Field key structure differs; proposed role mapping must be reviewed: /waitlist-2027/intro -> /waitlist/body_2. Live copy cell has yellow fill (owner describes as unapproved); matching wording does not imply approval.","per_page","277557714","3","A3","B3","True","","","[""/waitlist/body_2""]","[198]","[""The waitlist is the simplest way to show interest in a 2027 tour. Tell us your name and the season you prefer. When 2027 tours are finalized, you will hear from us by email. Joining does not commit you to anything.""]","[""#FFFF00""]","[""yellow_unapproved""]","proposed_role_alias","src/pages/waitlist-2027.astro","True","Approve live version | Adopt per-page version | Use a merged version (enter merged_version) | Escalate / needs clarification","","",""
"R0164","/waitlist-2027/success_h2","07_FORMS","You're on the list.","You're on the list.","identical","keep_live","Field key structure differs; proposed role mapping must be reviewed: /waitlist-2027/success_h2 -> /waitlist/heading_2. Live copy cell has yellow fill (owner describes as unapproved); matching wording does not imply approval.","per_page","277557714","4","A4","B4","True","","","[""/waitlist/heading_2""]","[202]","[""You're on the list.""]","[""#FFFF00""]","[""yellow_unapproved""]","proposed_role_alias","src/pages/waitlist-2027.astro","True","Approve live version | Adopt per-page version | Use a merged version (enter merged_version) | Escalate / needs clarification","","",""
"R0165","/waitlist-2027/success_p","07_FORMS","Thank you for joining the 2027 waitlist. A confirmation email is on its way. If you don't see it within a few minutes, check your spam folder.","Thank you for joining the 2027 waitlist. A confirmation email is on its way. If you don't see it within a few minutes, check your spam folder.","identical","keep_live","Field key structure differs; proposed role mapping must be reviewed: /waitlist-2027/success_p -> /waitlist/body_3. Live copy cell has yellow fill (owner describes as unapproved); matching wording does not imply approval.","per_page","277557714","5","A5","B5","True","","","[""/waitlist/body_3""]","[199]","[""Thank you for joining the 2027 waitlist. A confirmation email is on its way. If you don't see it within a few minutes, check your spam folder.""]","[""#FFFF00""]","[""yellow_unapproved""]","proposed_role_alias","src/pages/waitlist-2027.astro","True","Approve live version | Adopt per-page version | Use a merged version (enter merged_version) | Escalate / needs clarification","","",""
"R0166","/waitlist-2027/first_name_label","07_FORMS","First name","First name","identical","keep_live","Field key structure differs; proposed role mapping must be reviewed: /waitlist-2027/first_name_label -> /waitlist/label_1. Live copy cell has yellow fill (owner describes as unapproved); matching wording does not imply approval.","per_page","277557714","6","A6","B6","True","","","[""/waitlist/label_1""]","[203]","[""First name""]","[""#FFFF00""]","[""yellow_unapproved""]","proposed_role_alias","src/pages/waitlist-2027.astro","True","Approve live version | Adopt per-page version | Use a merged version (enter merged_version) | Escalate / needs clarification","","",""
"R0167","/waitlist-2027/email_label","07_FORMS","Email","Email","identical","keep_live","Field key structure differs; proposed role mapping must be reviewed: /waitlist-2027/email_label -> /waitlist/frag_1. Live copy cell has yellow fill (owner describes as unapproved); matching wording does not imply approval.","per_page","277557714","7","A7","B7","True","","","[""/waitlist/frag_1""]","[297]","[""Email""]","[""#FFFF00""]","[""yellow_unapproved""]","proposed_role_alias","src/pages/waitlist-2027.astro","True","Approve live version | Adopt per-page version | Use a merged version (enter merged_version) | Escalate / needs clarification","","",""
"R0168","/waitlist-2027/interest_legend","07_FORMS","Which tours interest you?","Which tours interest you?","identical","keep_live","Field key structure differs; proposed role mapping must be reviewed: /waitlist-2027/interest_legend -> /waitlist/frag_2. Live copy cell has yellow fill (owner describes as unapproved); matching wording does not imply approval.","per_page","277557714","8","A8","B8","True","","","[""/waitlist/frag_2""]","[298]","[""Which tours interest you?""]","[""#FFFF00""]","[""yellow_unapproved""]","proposed_role_alias","src/pages/waitlist-2027.astro","True","Approve live version | Adopt per-page version | Use a merged version (enter merged_version) | Escalate / needs clarification","","",""
"R0169","/waitlist-2027/interest_spring","07_FORMS","Spring 2027","Spring 2027","identical","keep_live","Field key structure differs; proposed role mapping must be reviewed: /waitlist-2027/interest_spring -> /waitlist/frag_3. Live copy cell has yellow fill (owner describes as unapproved); matching wording does not imply approval.","per_page","277557714","9","A9","B9","True","","","[""/waitlist/frag_3""]","[299]","[""Spring 2027""]","[""#FFFF00""]","[""yellow_unapproved""]","proposed_role_alias","src/pages/waitlist-2027.astro","True","Approve live version | Adopt per-page version | Use a merged version (enter merged_version) | Escalate / needs clarification","","",""
"R0170","/waitlist-2027/interest_fall","07_FORMS","Fall 2027","Fall 2027","identical","keep_live","Field key structure differs; proposed role mapping must be reviewed: /waitlist-2027/interest_fall -> /waitlist/frag_4. Live copy cell has yellow fill (owner describes as unapproved); matching wording does not imply approval.","per_page","277557714","10","A10","B10","True","","","[""/waitlist/frag_4""]","[300]","[""Fall 2027""]","[""#FFFF00""]","[""yellow_unapproved""]","proposed_role_alias","src/pages/waitlist-2027.astro","True","Approve live version | Adopt per-page version | Use a merged version (enter merged_version) | Escalate / needs clarification","","",""
"R0171","/waitlist-2027/interest_either","07_FORMS","Either","Either","identical","keep_live","Field key structure differs; proposed role mapping must be reviewed: /waitlist-2027/interest_either -> /waitlist/label_2. Live copy cell has yellow fill (owner describes as unapproved); matching wording does not imply approval.","per_page","277557714","11","A11","B11","True","","","[""/waitlist/label_2""]","[204]","[""Either""]","[""#FFFF00""]","[""yellow_unapproved""]","proposed_role_alias","src/pages/waitlist-2027.astro","True","Approve live version | Adopt per-page version | Use a merged version (enter merged_version) | Escalate / needs clarification","","",""
"R0172","/waitlist-2027/marketing_label","07_FORMS","Send me BikeTourFrance.net updates by email","Send me BikeTourFrance.net updates by email","identical","keep_live","Field key structure differs; proposed role mapping must be reviewed: /waitlist-2027/marketing_label -> /waitlist/label_3. Live copy cell has yellow fill (owner describes as unapproved); matching wording does not imply approval.","per_page","277557714","12","A12","B12","True","","","[""/waitlist/label_3""]","[205]","[""Send me BikeTourFrance.net updates by email""]","[""#FFFF00""]","[""yellow_unapproved""]","proposed_role_alias","src/pages/waitlist-2027.astro","True","Approve live version | Adopt per-page version | Use a merged version (enter merged_version) | Escalate / needs clarification","","",""
"R0173","/waitlist-2027/consent_notice","07_FORMS","By clicking Join the 2027 Waitlist, I agree to receive BikeTourFrance.net emails about tours, route guides, and services. I can unsubscribe at any time.","By clicking Join the 2027 Waitlist, I agree to receive BikeTourFrance.net emails about tours, route guides, and services. I can unsubscribe at any time.","identical","keep_live","Field key structure differs; proposed role mapping must be reviewed: /waitlist-2027/consent_notice -> /waitlist/consent_notice. Live copy cell has yellow fill (owner describes as unapproved); matching wording does not imply approval.","per_page","277557714","13","A13","B13","True","","","[""/waitlist/consent_notice""]","[350]","[""By clicking Join the 2027 Waitlist, I agree to receive BikeTourFrance.net emails about tours, route guides, and services. I can unsubscribe at any time.""]","[""#FFFF00""]","[""yellow_unapproved""]","proposed_role_alias","src/pages/waitlist-2027.astro","True","Approve live version | Adopt per-page version | Use a merged version (enter merged_version) | Escalate / needs clarification","","",""
"R0174","/waitlist-2027/submit_button","07_FORMS","Join the 2027 Waitlist","Join the 2027 Waitlist","identical","keep_live","Field key structure differs; proposed role mapping must be reviewed: /waitlist-2027/submit_button -> /waitlist/cta_1. Live copy cell has yellow fill (owner describes as unapproved); matching wording does not imply approval.","per_page","277557714","14","A14","B14","True","","","[""/waitlist/cta_1""]","[200]","[""Join the 2027 Waitlist""]","[""#FFFF00""]","[""yellow_unapproved""]","proposed_role_alias","src/pages/waitlist-2027.astro","True","Approve live version | Adopt per-page version | Use a merged version (enter merged_version) | Escalate / needs clarification","","",""
"R0175","/review-note/title","08_COMPONENTS","Draft for owner review.","","not_found_in_live","needs_decision","No live field or defensible role mapping found. New fields need a reader and manifest coordination; do not append blindly. Staging-only title is hardcoded in src/components/ReviewNote.astro, not present in the live tab.","per_page","104305648","1","A1","B1","True","","","[]","[]","[]","[]","[]","unmapped","","True","Approve live version | Adopt per-page version | Use a merged version (enter merged_version) | Escalate / needs clarification","","",""
"R0176","/review-note/body","08_COMPONENTS","This page states only facts that can be confirmed from this","","not_found_in_live","needs_decision","No live field or defensible role mapping found. New fields need a reader and manifest coordination; do not append blindly. Confirmed truncated text: ends at ""from this"". Full staging note exists in src/components/ReviewNote.astro but has no live Sheet field. Obtain owner-approved complete wording.","per_page","104305648","2","A2","B2","True","","","[]","[]","[]","[]","[]","unmapped","","True","Approve live version | Adopt per-page version | Use a merged version (enter merged_version) | Escalate / needs clarification","","",""
"R0177","1","JB_TOUR_OPERATOR_QUESTIONS","should i tell people what hotels before they book?","","not_found_in_live","needs_decision","Four-column operator questions tab; ID 1 is not a site field key. Internal question only; do not publish as site copy. No live field or defensible role mapping found. New fields need a reader and manifest coordination; do not append blindly.","per_page","1991619017","2","A2","B2","True","","","[]","[]","[]","[]","[]","unmapped","","True","Approve live version | Adopt per-page version | Use a merged version (enter merged_version) | Escalate / needs clarification","","",""
"R0178","/privacy/h1","08_POLICY_PAGES","Privacy","Privacy","identical","keep_live","Three-column header: A=Location ID, B=Copy Text, C=Notes; C is metadata, not copy. Field key structure differs; proposed role mapping must be reviewed: /privacy/h1 -> /nav/privacy. Live copy cell has yellow fill (owner describes as unapproved); matching wording does not imply approval.","per_page","455889223","2","A2","B2","True","","","[""/nav/privacy""]","[239]","[""Privacy""]","[""#FFFF00""]","[""yellow_unapproved""]","proposed_role_alias","src/pages/privacy/index.astro","True","Approve live version | Adopt per-page version | Use a merged version (enter merged_version) | Escalate / needs clarification","","",""
"R0179","/privacy/lede","08_POLICY_PAGES","This page describes what this website does today. Last updated October 2, 2026.","This page describes what this website does today. Last updated October 2, 2026.","identical","keep_live","Three-column header: A=Location ID, B=Copy Text, C=Notes; C is metadata, not copy. Field key structure differs; proposed role mapping must be reviewed: /privacy/lede -> /privacy/body_1. Live copy cell has yellow fill (owner describes as unapproved); matching wording does not imply approval.","per_page","455889223","3","A3","B3","True","","","[""/privacy/body_1""]","[133]","[""This page describes what this website does today. Last updated October 2, 2026.""]","[""#FFFF00""]","[""yellow_unapproved""]","proposed_role_alias","src/pages/privacy/index.astro","True","Approve live version | Adopt per-page version | Use a merged version (enter merged_version) | Escalate / needs clarification","","",""
"R0180","/privacy/section_1_heading","08_POLICY_PAGES","What this website collects","What this website collects","identical","keep_live","Three-column header: A=Location ID, B=Copy Text, C=Notes; C is metadata, not copy. Field key structure differs; proposed role mapping must be reviewed: /privacy/section_1_heading -> /privacy/heading_1. Live copy cell has yellow fill (owner describes as unapproved); matching wording does not imply approval.","per_page","455889223","4","A4","B4","True","","","[""/privacy/heading_1""]","[136]","[""What this website collects""]","[""#FFFF00""]","[""yellow_unapproved""]","proposed_role_alias","src/pages/privacy/index.astro","True","Approve live version | Adopt per-page version | Use a merged version (enter merged_version) | Escalate / needs clarification","","",""
"R0181","/privacy/section_1_text","08_POLICY_PAGES","This website has no sign-up form, no account system, and no analytics or advertising tools. It does not set cookies of its own. See the Cookies page.","[""This website has no sign-up form, no account system, and no analytics or advertising tools. It does not set cookies of its own. See the"", ""Cookies page""]","divergent","needs_decision","Three-column header: A=Location ID, B=Copy Text, C=Notes; C is metadata, not copy. Field key structure differs; proposed role mapping must be reviewed: /privacy/section_1_text -> /privacy/frag_1, /privacy/frag_2. One-to-many mapping: live_tab_version is a JSON array of verbatim live cells in mapped key order. No rendered sentence is invented; punctuation/link assembly lives in Astro. Stale operational claim: both sources say no sign-up form, but waitlist-2027.astro and 07_FORMS contain a form. Owner must verify actual collection behavior before approval. Live copy cell has yellow fill (owner describes as unapproved); matching wording does not imply approval.","per_page","455889223","5","A5","B5","True","","","[""/privacy/frag_1"", ""/privacy/frag_2""]","[283, 284]","[""This website has no sign-up form, no account system, and no analytics or advertising tools. It does not set cookies of its own. See the"", ""Cookies page""]","[""#FFFF00"", ""#FFFF00""]","[""yellow_unapproved"", ""yellow_unapproved""]","proposed_role_alias","src/pages/privacy/index.astro","True","Approve live version | Adopt per-page version | Use a merged version (enter merged_version) | Escalate / needs clarification","","",""
"R0182","/privacy/section_2_heading","08_POLICY_PAGES","When you email John","When you email John","identical","keep_live","Three-column header: A=Location ID, B=Copy Text, C=Notes; C is metadata, not copy. Field key structure differs; proposed role mapping must be reviewed: /privacy/section_2_heading -> /privacy/heading_2. Live copy cell has yellow fill (owner describes as unapproved); matching wording does not imply approval.","per_page","455889223","6","A6","B6","True","","","[""/privacy/heading_2""]","[137]","[""When you email John""]","[""#FFFF00""]","[""yellow_unapproved""]","proposed_role_alias","src/pages/privacy/index.astro","True","Approve live version | Adopt per-page version | Use a merged version (enter merged_version) | Escalate / needs clarification","","",""
"R0183","/privacy/section_2_text","08_POLICY_PAGES","If you write to contact@biketourfrance.net, we receive your message and your email address in our BikeTourFrance.net email account. We use them to reply to you. Nothing in this website code sends your message anywhere else. Your contact info will not be shared or sold","[""If you write to"", ""contact@biketourfrance.net"", "", John receives your message and your email address in his BikeTourFrance.net email account. He uses them to reply to you. Nothing in this website's code sends your message anywhere else.""]","divergent","needs_decision","Three-column header: A=Location ID, B=Copy Text, C=Notes; C is metadata, not copy. Field key structure differs; proposed role mapping must be reviewed: /privacy/section_2_text -> /privacy/frag_3, /contact/contact_email, /privacy/frag_4. One-to-many mapping: live_tab_version is a JSON array of verbatim live cells in mapped key order. No rendered sentence is invented; punctuation/link assembly lives in Astro. POV changes from John/he to we; per-page adds non-sharing/non-sale assurance absent in live. Verify service/data handling before adopting. Live copy cell has yellow fill (owner describes as unapproved); matching wording does not imply approval. Shared live destination /contact/contact_email also targeted by R0058, R0063, R0189. Resolve decisions together to avoid conflicting writes.","per_page","455889223","7","A7","B7","True","","","[""/privacy/frag_3"", ""/contact/contact_email"", ""/privacy/frag_4""]","[285, 58, 286]","[""If you write to"", ""contact@biketourfrance.net"", "", John receives your message and your email address in his BikeTourFrance.net email account. He uses them to reply to you. Nothing in this website's code sends your message anywhere else.""]","[""#FFFF00"", ""#FFFF00"", ""#FFFF00""]","[""yellow_unapproved"", ""yellow_unapproved"", ""yellow_unapproved""]","proposed_role_alias","src/pages/privacy/index.astro","True","Approve live version | Adopt per-page version | Use a merged version (enter merged_version) | Escalate / needs clarification","","",""
"R0184","/privacy/section_3_heading","08_POLICY_PAGES","Hosting and technical logs","Hosting and technical logs","identical","keep_live","Three-column header: A=Location ID, B=Copy Text, C=Notes; C is metadata, not copy. Field key structure differs; proposed role mapping must be reviewed: /privacy/section_3_heading -> /privacy/heading_3. Live copy cell has yellow fill (owner describes as unapproved); matching wording does not imply approval.","per_page","455889223","8","A8","B8","True","","","[""/privacy/heading_3""]","[138]","[""Hosting and technical logs""]","[""#FFFF00""]","[""yellow_unapproved""]","proposed_role_alias","src/pages/privacy/index.astro","True","Approve live version | Adopt per-page version | Use a merged version (enter merged_version) | Escalate / needs clarification","","",""
"R0185","/privacy/section_3_text","08_POLICY_PAGES","Web servers normally record technical details of each visit, such as the page requested and the visitor IP address. This website is hosted on Cloudflare Pages, which handles those records. John does not receive a copy of them through this website.","Web servers normally record technical details of each visit, such as the page requested and the visitor's IP address. This website is hosted on Cloudflare Pages, which handles those records. John does not receive a copy of them through this website.","divergent","adopt_per_page","Three-column header: A=Location ID, B=Copy Text, C=Notes; C is metadata, not copy. Field key structure differs; proposed role mapping must be reviewed: /privacy/section_3_text -> /privacy/body_2. Live copy cell has yellow fill (owner describes as unapproved); matching wording does not imply approval.","per_page","455889223","9","A9","B9","True","","","[""/privacy/body_2""]","[134]","[""Web servers normally record technical details of each visit, such as the page requested and the visitor's IP address. This website is hosted on Cloudflare Pages, which handles those records. John does not receive a copy of them through this website.""]","[""#FFFF00""]","[""yellow_unapproved""]","proposed_role_alias","src/pages/privacy/index.astro","True","Approve live version | Adopt per-page version | Use a merged version (enter merged_version) | Escalate / needs clarification","","",""
"R0186","/privacy/section_4_heading","08_POLICY_PAGES","Other sites and media","Other sites and media","identical","keep_live","Three-column header: A=Location ID, B=Copy Text, C=Notes; C is metadata, not copy. Field key structure differs; proposed role mapping must be reviewed: /privacy/section_4_heading -> /privacy/heading_4. Live copy cell has yellow fill (owner describes as unapproved); matching wording does not imply approval.","per_page","455889223","10","A10","B10","True","","","[""/privacy/heading_4""]","[139]","[""Other sites and media""]","[""#FFFF00""]","[""yellow_unapproved""]","proposed_role_alias","src/pages/privacy/index.astro","True","Approve live version | Adopt per-page version | Use a merged version (enter merged_version) | Escalate / needs clarification","","",""
"R0187","/privacy/section_4_text","08_POLICY_PAGES","The Resources page plays audio files from BikeTourFrance.net via your browser when you press play. Audio files may also be downloaded by pressing ""download."" It also links to Google Docs and Google Sheets and to other websites. Those sites have their own privacy practices.","The Resources page loads audio files from BikeTourFrance.net's media storage only when you press play. It also links to Google Docs and Google Sheets and to other websites. Those sites have their own privacy practices.","divergent","adopt_per_page","Three-column header: A=Location ID, B=Copy Text, C=Notes; C is metadata, not copy. Field key structure differs; proposed role mapping must be reviewed: /privacy/section_4_text -> /privacy/body_3. Live copy cell has yellow fill (owner describes as unapproved); matching wording does not imply approval.","per_page","455889223","11","A11","B11","True","","","[""/privacy/body_3""]","[135]","[""The Resources page loads audio files from BikeTourFrance.net's media storage only when you press play. It also links to Google Docs and Google Sheets and to other websites. Those sites have their own privacy practices.""]","[""#FFFF00""]","[""yellow_unapproved""]","proposed_role_alias","src/pages/privacy/index.astro","True","Approve live version | Adopt per-page version | Use a merged version (enter merged_version) | Escalate / needs clarification","","",""
"R0188","/privacy/section_5_heading","08_POLICY_PAGES","Questions","Questions","identical","keep_live","Three-column header: A=Location ID, B=Copy Text, C=Notes; C is metadata, not copy. Field key structure differs; proposed role mapping must be reviewed: /privacy/section_5_heading -> /privacy/heading_5. Live copy cell has yellow fill (owner describes as unapproved); matching wording does not imply approval.","per_page","455889223","12","A12","B12","True","","","[""/privacy/heading_5""]","[140]","[""Questions""]","[""#FFFF00""]","[""yellow_unapproved""]","proposed_role_alias","src/pages/privacy/index.astro","True","Approve live version | Adopt per-page version | Use a merged version (enter merged_version) | Escalate / needs clarification","","",""
"R0189","/privacy/section_5_text","08_POLICY_PAGES","Write to contact@biketourfrance.net.","[""Write to"", ""contact@biketourfrance.net""]","divergent","needs_decision","Three-column header: A=Location ID, B=Copy Text, C=Notes; C is metadata, not copy. Field key structure differs; proposed role mapping must be reviewed: /privacy/section_5_text -> /contact-page/frag_1, /contact/contact_email. One-to-many mapping: live_tab_version is a JSON array of verbatim live cells in mapped key order. No rendered sentence is invented; punctuation/link assembly lives in Astro. Same shared /contact-page/frag_1 and /contact/contact_email destinations used by contact page; do not replace shared label with full email sentence. Live copy cell has yellow fill (owner describes as unapproved); matching wording does not imply approval. Shared live destination /contact-page/frag_1 also targeted by R0058. Resolve decisions together to avoid conflicting writes. Shared live destination /contact/contact_email also targeted by R0058, R0063, R0183. Resolve decisions together to avoid conflicting writes.","per_page","455889223","13","A13","B13","True","","","[""/contact-page/frag_1"", ""/contact/contact_email""]","[276, 58]","[""Write to"", ""contact@biketourfrance.net""]","[""#FFFF00"", ""#FFFF00""]","[""yellow_unapproved"", ""yellow_unapproved""]","proposed_role_alias","src/pages/privacy/index.astro","True","Approve live version | Adopt per-page version | Use a merged version (enter merged_version) | Escalate / needs clarification","","",""
"R0190","/canal-des-deux-mers/practical-info/eyebrow","09_PRACTICAL_INFO","Practical information","Practical information","identical","keep_live","Three-column header: A=Location ID, B=Copy Text, C=Notes; C is metadata, not copy. Field key structure differs; proposed role mapping must be reviewed: /canal-des-deux-mers/practical-info/eyebrow -> /nav/practical_info. Live copy cell has yellow fill (owner describes as unapproved); matching wording does not imply approval.","per_page","345388221","2","A2","B2","True","","","[""/nav/practical_info""]","[238]","[""Practical information""]","[""#FFFF00""]","[""yellow_unapproved""]","proposed_role_alias","src/pages/canal-des-deux-mers/practical-info/index.astro","True","Approve live version | Adopt per-page version | Use a merged version (enter merged_version) | Escalate / needs clarification","","",""
"R0191","/canal-des-deux-mers/practical-info/h1","09_PRACTICAL_INFO","Bordeaux Airport to Gare Saint-Jean and your hotel","Bordeaux Airport to Gare Saint-Jean and your hotel","identical","keep_live","Three-column header: A=Location ID, B=Copy Text, C=Notes; C is metadata, not copy. Field key structure differs; proposed role mapping must be reviewed: /canal-des-deux-mers/practical-info/h1 -> /cdm-practical/heading_1. Live copy cell has yellow fill (owner describes as unapproved); matching wording does not imply approval.","per_page","345388221","3","A3","B3","True","","","[""/cdm-practical/heading_1""]","[74]","[""Bordeaux Airport to Gare Saint-Jean and your hotel""]","[""#FFFF00""]","[""yellow_unapproved""]","proposed_role_alias","src/pages/canal-des-deux-mers/practical-info/index.astro","True","Approve live version | Adopt per-page version | Use a merged version (enter merged_version) | Escalate / needs clarification","","",""
"R0192","/canal-des-deux-mers/practical-info/lede","09_PRACTICAL_INFO","Gare Saint-Jean is Bordeaux main railway station. All recommended hotels are within about 500 m of the station.","Gare Saint-Jean is Bordeaux's main railway station. All recommended hotels are within about 500 m of the station.","divergent","adopt_per_page","Three-column header: A=Location ID, B=Copy Text, C=Notes; C is metadata, not copy. Field key structure differs; proposed role mapping must be reviewed: /canal-des-deux-mers/practical-info/lede -> /cdm-practical/body_2. Live copy cell has yellow fill (owner describes as unapproved); matching wording does not imply approval.","per_page","345388221","4","A4","B4","True","","","[""/cdm-practical/body_2""]","[73]","[""Gare Saint-Jean is Bordeaux's main railway station. All recommended hotels are within about 500 m of the station.""]","[""#FFFF00""]","[""yellow_unapproved""]","proposed_role_alias","src/pages/canal-des-deux-mers/practical-info/index.astro","True","Approve live version | Adopt per-page version | Use a merged version (enter merged_version) | Escalate / needs clarification","","",""
"R0193","/canal-des-deux-mers/practical-info/summary_heading","09_PRACTICAL_INFO","Your two options","Your two options","identical","keep_live","Three-column header: A=Location ID, B=Copy Text, C=Notes; C is metadata, not copy. Field key structure differs; proposed role mapping must be reviewed: /canal-des-deux-mers/practical-info/summary_heading -> /cdm-practical/heading_2. Live copy cell has yellow fill (owner describes as unapproved); matching wording does not imply approval.","per_page","345388221","5","A5","B5","True","","","[""/cdm-practical/heading_2""]","[75]","[""Your two options""]","[""#FFFF00""]","[""yellow_unapproved""]","proposed_role_alias","src/pages/canal-des-deux-mers/practical-info/index.astro","True","Approve live version | Adopt per-page version | Use a merged version (enter merged_version) | Escalate / needs clarification","","",""
"R0194","/canal-des-deux-mers/practical-info/tram_heading","09_PRACTICAL_INFO","Tram Line F","Tram Line F","identical","keep_live","Three-column header: A=Location ID, B=Copy Text, C=Notes; C is metadata, not copy. Field key structure differs; proposed role mapping must be reviewed: /canal-des-deux-mers/practical-info/tram_heading -> /cdm-practical/heading_3. Live copy cell has yellow fill (owner describes as unapproved); matching wording does not imply approval.","per_page","345388221","6","A6","B6","True","","","[""/cdm-practical/heading_3""]","[76]","[""Tram Line F""]","[""#FFFF00""]","[""yellow_unapproved""]","proposed_role_alias","src/pages/canal-des-deux-mers/practical-info/index.astro","True","Approve live version | Adopt per-page version | Use a merged version (enter merged_version) | Escalate / needs clarification","","",""
"R0195","/canal-des-deux-mers/practical-info/bus_heading","09_PRACTICAL_INFO","30 Direct airport bus","30'Direct airport bus","divergent","adopt_per_page","Three-column header: A=Location ID, B=Copy Text, C=Notes; C is metadata, not copy. Field key structure differs; proposed role mapping must be reviewed: /canal-des-deux-mers/practical-info/bus_heading -> /cdm-practical/heading_4. Live copy cell has yellow fill (owner describes as unapproved); matching wording does not imply approval.","per_page","345388221","7","A7","B7","True","","","[""/cdm-practical/heading_4""]","[77]","[""30'Direct airport bus""]","[""#FFFF00""]","[""yellow_unapproved""]","proposed_role_alias","src/pages/canal-des-deux-mers/practical-info/index.astro","True","Approve live version | Adopt per-page version | Use a merged version (enter merged_version) | Escalate / needs clarification","","",""
"R0196","/canal-des-deux-mers/practical-info/choose_heading","09_PRACTICAL_INFO","Which should I choose?","Which should I choose?","identical","keep_live","Three-column header: A=Location ID, B=Copy Text, C=Notes; C is metadata, not copy. Field key structure differs; proposed role mapping must be reviewed: /canal-des-deux-mers/practical-info/choose_heading -> /cdm-practical/heading_5. Live copy cell has yellow fill (owner describes as unapproved); matching wording does not imply approval.","per_page","345388221","8","A8","B8","True","","","[""/cdm-practical/heading_5""]","[78]","[""Which should I choose?""]","[""#FFFF00""]","[""yellow_unapproved""]","proposed_role_alias","src/pages/canal-des-deux-mers/practical-info/index.astro","True","Approve live version | Adopt per-page version | Use a merged version (enter merged_version) | Escalate / needs clarification","","",""
"R0197","/canal-des-deux-mers/practical-info/tram_choose_heading","09_PRACTICAL_INFO","Choose Tram Line F if:","Choose Tram Line F if:","identical","keep_live","Three-column header: A=Location ID, B=Copy Text, C=Notes; C is metadata, not copy. Field key structure differs; proposed role mapping must be reviewed: /canal-des-deux-mers/practical-info/tram_choose_heading -> /cdm-practical/heading_6. Live copy cell has yellow fill (owner describes as unapproved); matching wording does not imply approval.","per_page","345388221","9","A9","B9","True","","","[""/cdm-practical/heading_6""]","[79]","[""Choose Tram Line F if:""]","[""#FFFF00""]","[""yellow_unapproved""]","proposed_role_alias","src/pages/canal-des-deux-mers/practical-info/index.astro","True","Approve live version | Adopt per-page version | Use a merged version (enter merged_version) | Escalate / needs clarification","","",""
"R0198","/canal-des-deux-mers/practical-info/bus_choose_heading","09_PRACTICAL_INFO","Choose the 30 Direct airport bus if:","Choose the 30'Direct airport bus if:","divergent","adopt_per_page","Three-column header: A=Location ID, B=Copy Text, C=Notes; C is metadata, not copy. Field key structure differs; proposed role mapping must be reviewed: /canal-des-deux-mers/practical-info/bus_choose_heading -> /cdm-practical/heading_7. Live copy cell has yellow fill (owner describes as unapproved); matching wording does not imply approval.","per_page","345388221","10","A10","B10","True","","","[""/cdm-practical/heading_7""]","[80]","[""Choose the 30'Direct airport bus if:""]","[""#FFFF00""]","[""yellow_unapproved""]","proposed_role_alias","src/pages/canal-des-deux-mers/practical-info/index.astro","True","Approve live version | Adopt per-page version | Use a merged version (enter merged_version) | Escalate / needs clarification","","",""
"R0199","/canal-des-deux-mers/practical-info/details_heading","09_PRACTICAL_INFO","Details","Details","identical","keep_live","Three-column header: A=Location ID, B=Copy Text, C=Notes; C is metadata, not copy. Field key structure differs; proposed role mapping must be reviewed: /canal-des-deux-mers/practical-info/details_heading -> /cdm-practical/frag_3. Live copy cell has yellow fill (owner describes as unapproved); matching wording does not imply approval.","per_page","345388221","11","A11","B11","True","","","[""/cdm-practical/frag_3""]","[270]","[""Details""]","[""#FFFF00""]","[""yellow_unapproved""]","proposed_role_alias","src/pages/canal-des-deux-mers/practical-info/index.astro","True","Approve live version | Adopt per-page version | Use a merged version (enter merged_version) | Escalate / needs clarification","","",""
"R0200","/canal-des-deux-mers/practical-info/contact_cta_heading","09_PRACTICAL_INFO","Questions about getting to Bordeaux?","Questions about getting to Bordeaux?","identical","keep_live","Three-column header: A=Location ID, B=Copy Text, C=Notes; C is metadata, not copy. Field key structure differs; proposed role mapping must be reviewed: /canal-des-deux-mers/practical-info/contact_cta_heading -> /canal-des-deux-mers-practical-info-x/p_1. Live copy cell has yellow fill (owner describes as unapproved); matching wording does not imply approval.","per_page","345388221","12","A12","B12","True","","","[""/canal-des-deux-mers-practical-info-x/p_1""]","[303]","[""Questions about getting to Bordeaux?""]","[""#FFFF00""]","[""yellow_unapproved""]","proposed_role_alias","src/pages/canal-des-deux-mers/practical-info/index.astro","True","Approve live version | Adopt per-page version | Use a merged version (enter merged_version) | Escalate / needs clarification","","",""
"R0201","/canal-des-deux-mers/practical-info/contact_cta_text","09_PRACTICAL_INFO","Email John and he will help you plan your arrival.","Email John and he will help you plan your arrival.","identical","keep_live","Three-column header: A=Location ID, B=Copy Text, C=Notes; C is metadata, not copy. Field key structure differs; proposed role mapping must be reviewed: /canal-des-deux-mers/practical-info/contact_cta_text -> /canal-des-deux-mers-practical-info-x/p_2. Live copy cell has yellow fill (owner describes as unapproved); matching wording does not imply approval.","per_page","345388221","13","A13","B13","True","","","[""/canal-des-deux-mers-practical-info-x/p_2""]","[304]","[""Email John and he will help you plan your arrival.""]","[""#FFFF00""]","[""yellow_unapproved""]","proposed_role_alias","src/pages/canal-des-deux-mers/practical-info/index.astro","True","Approve live version | Adopt per-page version | Use a merged version (enter merged_version) | Escalate / needs clarification","","",""
"R0202","/canal-des-deux-mers/practical-info/tram_summary/cost","09_PRACTICAL_INFO","Cost: €1.90","Cost: €1.90","identical","keep_live","Three-column header: A=Location ID, B=Copy Text, C=Notes; C is metadata, not copy. Field key structure differs; proposed role mapping must be reviewed: /canal-des-deux-mers/practical-info/tram_summary/cost -> /cdm-practical/list_1. Transport fare/time/bike claim is copied verbatim, not independently verified in this review; live freshness field says June 2026. Live copy cell has yellow fill (owner describes as unapproved); matching wording does not imply approval.","per_page","345388221","14","A14","B14","True","","","[""/cdm-practical/list_1""]","[308]","[""Cost: €1.90""]","[""#FFFF00""]","[""yellow_unapproved""]","proposed_role_alias","src/pages/canal-des-deux-mers/practical-info/index.astro","True","Approve live version | Adopt per-page version | Use a merged version (enter merged_version) | Escalate / needs clarification","","",""
"R0203","/canal-des-deux-mers/practical-info/tram_summary/time","09_PRACTICAL_INFO","Travel time: about 45 minutes","Travel time: about 45 minutes","identical","keep_live","Three-column header: A=Location ID, B=Copy Text, C=Notes; C is metadata, not copy. Field key structure differs; proposed role mapping must be reviewed: /canal-des-deux-mers/practical-info/tram_summary/time -> /cdm-practical/list_2. Transport fare/time/bike claim is copied verbatim, not independently verified in this review; live freshness field says June 2026. Live copy cell has yellow fill (owner describes as unapproved); matching wording does not imply approval.","per_page","345388221","15","A15","B15","True","","","[""/cdm-practical/list_2""]","[319]","[""Travel time: about 45 minutes""]","[""#FFFF00""]","[""yellow_unapproved""]","proposed_role_alias","src/pages/canal-des-deux-mers/practical-info/index.astro","True","Approve live version | Adopt per-page version | Use a merged version (enter merged_version) | Escalate / needs clarification","","",""
"R0204","/canal-des-deux-mers/practical-info/tram_summary/frequency","09_PRACTICAL_INFO","Frequency: every 10–15 minutes","Frequency: every 10–15 minutes","identical","keep_live","Three-column header: A=Location ID, B=Copy Text, C=Notes; C is metadata, not copy. Field key structure differs; proposed role mapping must be reviewed: /canal-des-deux-mers/practical-info/tram_summary/frequency -> /cdm-practical/list_3. Transport fare/time/bike claim is copied verbatim, not independently verified in this review; live freshness field says June 2026. Live copy cell has yellow fill (owner describes as unapproved); matching wording does not imply approval.","per_page","345388221","16","A16","B16","True","","","[""/cdm-practical/list_3""]","[321]","[""Frequency: every 10–15 minutes""]","[""#FFFF00""]","[""yellow_unapproved""]","proposed_role_alias","src/pages/canal-des-deux-mers/practical-info/index.astro","True","Approve live version | Adopt per-page version | Use a merged version (enter merged_version) | Escalate / needs clarification","","",""
"R0205","/canal-des-deux-mers/practical-info/tram_summary/bike","09_PRACTICAL_INFO","Bike in a case: always allowed","Bike in a case: always allowed","identical","keep_live","Three-column header: A=Location ID, B=Copy Text, C=Notes; C is metadata, not copy. Field key structure differs; proposed role mapping must be reviewed: /canal-des-deux-mers/practical-info/tram_summary/bike -> /cdm-practical/list_4. Transport fare/time/bike claim is copied verbatim, not independently verified in this review; live freshness field says June 2026. Live copy cell has yellow fill (owner describes as unapproved); matching wording does not imply approval.","per_page","345388221","17","A17","B17","True","","","[""/cdm-practical/list_4""]","[322]","[""Bike in a case: always allowed""]","[""#FFFF00""]","[""yellow_unapproved""]","proposed_role_alias","src/pages/canal-des-deux-mers/practical-info/index.astro","True","Approve live version | Adopt per-page version | Use a merged version (enter merged_version) | Escalate / needs clarification","","",""
"R0206","/canal-des-deux-mers/practical-info/tram_summary/tickets","09_PRACTICAL_INFO","Tickets: TBM app or machines","Tickets: TBM app or machines","identical","keep_live","Three-column header: A=Location ID, B=Copy Text, C=Notes; C is metadata, not copy. Field key structure differs; proposed role mapping must be reviewed: /canal-des-deux-mers/practical-info/tram_summary/tickets -> /cdm-practical/list_5. Live copy cell has yellow fill (owner describes as unapproved); matching wording does not imply approval.","per_page","345388221","18","A18","B18","True","","","[""/cdm-practical/list_5""]","[323]","[""Tickets: TBM app or machines""]","[""#FFFF00""]","[""yellow_unapproved""]","proposed_role_alias","src/pages/canal-des-deux-mers/practical-info/index.astro","True","Approve live version | Adopt per-page version | Use a merged version (enter merged_version) | Escalate / needs clarification","","",""
"R0207","/canal-des-deux-mers/practical-info/tram_summary/best_for","09_PRACTICAL_INFO","Best for: lowest cost and flexibility","Best for: lowest cost and flexibility","identical","keep_live","Three-column header: A=Location ID, B=Copy Text, C=Notes; C is metadata, not copy. Field key structure differs; proposed role mapping must be reviewed: /canal-des-deux-mers/practical-info/tram_summary/best_for -> /cdm-practical/list_6. Live copy cell has yellow fill (owner describes as unapproved); matching wording does not imply approval.","per_page","345388221","19","A19","B19","True","","","[""/cdm-practical/list_6""]","[324]","[""Best for: lowest cost and flexibility""]","[""#FFFF00""]","[""yellow_unapproved""]","proposed_role_alias","src/pages/canal-des-deux-mers/practical-info/index.astro","True","Approve live version | Adopt per-page version | Use a merged version (enter merged_version) | Escalate / needs clarification","","",""
"R0208","/canal-des-deux-mers/practical-info/bus_summary/cost","09_PRACTICAL_INFO","Cost: €9–10","Cost: €9–10","identical","keep_live","Three-column header: A=Location ID, B=Copy Text, C=Notes; C is metadata, not copy. Field key structure differs; proposed role mapping must be reviewed: /canal-des-deux-mers/practical-info/bus_summary/cost -> /cdm-practical/list_7. Transport fare/time/bike claim is copied verbatim, not independently verified in this review; live freshness field says June 2026. Live copy cell has yellow fill (owner describes as unapproved); matching wording does not imply approval.","per_page","345388221","20","A20","B20","True","","","[""/cdm-practical/list_7""]","[325]","[""Cost: €9–10""]","[""#FFFF00""]","[""yellow_unapproved""]","proposed_role_alias","src/pages/canal-des-deux-mers/practical-info/index.astro","True","Approve live version | Adopt per-page version | Use a merged version (enter merged_version) | Escalate / needs clarification","","",""
"R0209","/canal-des-deux-mers/practical-info/bus_summary/time","09_PRACTICAL_INFO","Travel time: about 30 minutes","Travel time: about 30 minutes","identical","keep_live","Three-column header: A=Location ID, B=Copy Text, C=Notes; C is metadata, not copy. Field key structure differs; proposed role mapping must be reviewed: /canal-des-deux-mers/practical-info/bus_summary/time -> /cdm-practical/list_8. Transport fare/time/bike claim is copied verbatim, not independently verified in this review; live freshness field says June 2026. Live copy cell has yellow fill (owner describes as unapproved); matching wording does not imply approval.","per_page","345388221","21","A21","B21","True","","","[""/cdm-practical/list_8""]","[326]","[""Travel time: about 30 minutes""]","[""#FFFF00""]","[""yellow_unapproved""]","proposed_role_alias","src/pages/canal-des-deux-mers/practical-info/index.astro","True","Approve live version | Adopt per-page version | Use a merged version (enter merged_version) | Escalate / needs clarification","","",""
"R0210","/canal-des-deux-mers/practical-info/bus_summary/schedule","09_PRACTICAL_INFO","Schedule: limited window","Schedule: limited window","identical","keep_live","Three-column header: A=Location ID, B=Copy Text, C=Notes; C is metadata, not copy. Field key structure differs; proposed role mapping must be reviewed: /canal-des-deux-mers/practical-info/bus_summary/schedule -> /cdm-practical/list_9. Transport fare/time/bike claim is copied verbatim, not independently verified in this review; live freshness field says June 2026. Live copy cell has yellow fill (owner describes as unapproved); matching wording does not imply approval.","per_page","345388221","22","A22","B22","True","","","[""/cdm-practical/list_9""]","[327]","[""Schedule: limited window""]","[""#FFFF00""]","[""yellow_unapproved""]","proposed_role_alias","src/pages/canal-des-deux-mers/practical-info/index.astro","True","Approve live version | Adopt per-page version | Use a merged version (enter merged_version) | Escalate / needs clarification","","",""
"R0211","/canal-des-deux-mers/practical-info/bus_summary/bike","09_PRACTICAL_INFO","Bike in a case: accepted","Bike in a case: accepted","identical","keep_live","Three-column header: A=Location ID, B=Copy Text, C=Notes; C is metadata, not copy. Field key structure differs; proposed role mapping must be reviewed: /canal-des-deux-mers/practical-info/bus_summary/bike -> /cdm-practical/list_10. Transport fare/time/bike claim is copied verbatim, not independently verified in this review; live freshness field says June 2026. Live copy cell has yellow fill (owner describes as unapproved); matching wording does not imply approval.","per_page","345388221","23","A23","B23","True","","","[""/cdm-practical/list_10""]","[309]","[""Bike in a case: accepted""]","[""#FFFF00""]","[""yellow_unapproved""]","proposed_role_alias","src/pages/canal-des-deux-mers/practical-info/index.astro","True","Approve live version | Adopt per-page version | Use a merged version (enter merged_version) | Escalate / needs clarification","","",""
"R0212","/canal-des-deux-mers/practical-info/bus_summary/tickets","09_PRACTICAL_INFO","Tickets: online or onboard","Tickets: online or onboard","identical","keep_live","Three-column header: A=Location ID, B=Copy Text, C=Notes; C is metadata, not copy. Field key structure differs; proposed role mapping must be reviewed: /canal-des-deux-mers/practical-info/bus_summary/tickets -> /cdm-practical/list_11. Live copy cell has yellow fill (owner describes as unapproved); matching wording does not imply approval.","per_page","345388221","24","A24","B24","True","","","[""/cdm-practical/list_11""]","[310]","[""Tickets: online or onboard""]","[""#FFFF00""]","[""yellow_unapproved""]","proposed_role_alias","src/pages/canal-des-deux-mers/practical-info/index.astro","True","Approve live version | Adopt per-page version | Use a merged version (enter merged_version) | Escalate / needs clarification","","",""
"R0213","/canal-des-deux-mers/practical-info/bus_summary/best_for","09_PRACTICAL_INFO","Best for: fastest public option","Best for: fastest public option","identical","keep_live","Three-column header: A=Location ID, B=Copy Text, C=Notes; C is metadata, not copy. Field key structure differs; proposed role mapping must be reviewed: /canal-des-deux-mers/practical-info/bus_summary/best_for -> /cdm-practical/list_12. Live copy cell has yellow fill (owner describes as unapproved); matching wording does not imply approval.","per_page","345388221","25","A25","B25","True","","","[""/cdm-practical/list_12""]","[311]","[""Best for: fastest public option""]","[""#FFFF00""]","[""yellow_unapproved""]","proposed_role_alias","src/pages/canal-des-deux-mers/practical-info/index.astro","True","Approve live version | Adopt per-page version | Use a merged version (enter merged_version) | Escalate / needs clarification","","",""
"R0214","/canal-des-deux-mers/practical-info/tram_choose/1","09_PRACTICAL_INFO","Lowest cost matters","Lowest cost matters","identical","keep_live","Three-column header: A=Location ID, B=Copy Text, C=Notes; C is metadata, not copy. Field key structure differs; proposed role mapping must be reviewed: /canal-des-deux-mers/practical-info/tram_choose/1 -> /cdm-practical/list_13. Live copy cell has yellow fill (owner describes as unapproved); matching wording does not imply approval.","per_page","345388221","26","A26","B26","True","","","[""/cdm-practical/list_13""]","[312]","[""Lowest cost matters""]","[""#FFFF00""]","[""yellow_unapproved""]","proposed_role_alias","src/pages/canal-des-deux-mers/practical-info/index.astro","True","Approve live version | Adopt per-page version | Use a merged version (enter merged_version) | Escalate / needs clarification","","",""
"R0215","/canal-des-deux-mers/practical-info/tram_choose/2","09_PRACTICAL_INFO","You arrive early or late","You arrive early or late","identical","keep_live","Three-column header: A=Location ID, B=Copy Text, C=Notes; C is metadata, not copy. Field key structure differs; proposed role mapping must be reviewed: /canal-des-deux-mers/practical-info/tram_choose/2 -> /cdm-practical/list_14. Live copy cell has yellow fill (owner describes as unapproved); matching wording does not imply approval.","per_page","345388221","27","A27","B27","True","","","[""/cdm-practical/list_14""]","[313]","[""You arrive early or late""]","[""#FFFF00""]","[""yellow_unapproved""]","proposed_role_alias","src/pages/canal-des-deux-mers/practical-info/index.astro","True","Approve live version | Adopt per-page version | Use a merged version (enter merged_version) | Escalate / needs clarification","","",""
"R0216","/canal-des-deux-mers/practical-info/tram_choose/3","09_PRACTICAL_INFO","You have a bike case","You have a bike case","identical","keep_live","Three-column header: A=Location ID, B=Copy Text, C=Notes; C is metadata, not copy. Field key structure differs; proposed role mapping must be reviewed: /canal-des-deux-mers/practical-info/tram_choose/3 -> /cdm-practical/list_15. Live copy cell has yellow fill (owner describes as unapproved); matching wording does not imply approval.","per_page","345388221","28","A28","B28","True","","","[""/cdm-practical/list_15""]","[314]","[""You have a bike case""]","[""#FFFF00""]","[""yellow_unapproved""]","proposed_role_alias","src/pages/canal-des-deux-mers/practical-info/index.astro","True","Approve live version | Adopt per-page version | Use a merged version (enter merged_version) | Escalate / needs clarification","","",""
"R0217","/canal-des-deux-mers/practical-info/tram_choose/4","09_PRACTICAL_INFO","You want flexibility","You want flexibility","identical","keep_live","Three-column header: A=Location ID, B=Copy Text, C=Notes; C is metadata, not copy. Field key structure differs; proposed role mapping must be reviewed: /canal-des-deux-mers/practical-info/tram_choose/4 -> /cdm-practical/list_16. Live copy cell has yellow fill (owner describes as unapproved); matching wording does not imply approval.","per_page","345388221","29","A29","B29","True","","","[""/cdm-practical/list_16""]","[315]","[""You want flexibility""]","[""#FFFF00""]","[""yellow_unapproved""]","proposed_role_alias","src/pages/canal-des-deux-mers/practical-info/index.astro","True","Approve live version | Adopt per-page version | Use a merged version (enter merged_version) | Escalate / needs clarification","","",""
"R0218","/canal-des-deux-mers/practical-info/bus_choose/1","09_PRACTICAL_INFO","Fastest journey matters","Fastest journey matters","identical","keep_live","Three-column header: A=Location ID, B=Copy Text, C=Notes; C is metadata, not copy. Field key structure differs; proposed role mapping must be reviewed: /canal-des-deux-mers/practical-info/bus_choose/1 -> /cdm-practical/list_17. Live copy cell has yellow fill (owner describes as unapproved); matching wording does not imply approval.","per_page","345388221","30","A30","B30","True","","","[""/cdm-practical/list_17""]","[316]","[""Fastest journey matters""]","[""#FFFF00""]","[""yellow_unapproved""]","proposed_role_alias","src/pages/canal-des-deux-mers/practical-info/index.astro","True","Approve live version | Adopt per-page version | Use a merged version (enter merged_version) | Escalate / needs clarification","","",""
"R0219","/canal-des-deux-mers/practical-info/bus_choose/2","09_PRACTICAL_INFO","You arrive during operating hours","You arrive during operating hours","identical","keep_live","Three-column header: A=Location ID, B=Copy Text, C=Notes; C is metadata, not copy. Field key structure differs; proposed role mapping must be reviewed: /canal-des-deux-mers/practical-info/bus_choose/2 -> /cdm-practical/list_18. Live copy cell has yellow fill (owner describes as unapproved); matching wording does not imply approval.","per_page","345388221","31","A31","B31","True","","","[""/cdm-practical/list_18""]","[317]","[""You arrive during operating hours""]","[""#FFFF00""]","[""yellow_unapproved""]","proposed_role_alias","src/pages/canal-des-deux-mers/practical-info/index.astro","True","Approve live version | Adopt per-page version | Use a merged version (enter merged_version) | Escalate / needs clarification","","",""
"R0220","/canal-des-deux-mers/practical-info/bus_choose/3","09_PRACTICAL_INFO","Extra cost is okay","Extra cost is okay","identical","keep_live","Three-column header: A=Location ID, B=Copy Text, C=Notes; C is metadata, not copy. Field key structure differs; proposed role mapping must be reviewed: /canal-des-deux-mers/practical-info/bus_choose/3 -> /cdm-practical/list_19. Live copy cell has yellow fill (owner describes as unapproved); matching wording does not imply approval.","per_page","345388221","32","A32","B32","True","","","[""/cdm-practical/list_19""]","[318]","[""Extra cost is okay""]","[""#FFFF00""]","[""yellow_unapproved""]","proposed_role_alias","src/pages/canal-des-deux-mers/practical-info/index.astro","True","Approve live version | Adopt per-page version | Use a merged version (enter merged_version) | Escalate / needs clarification","","",""
"R0221","/canal-des-deux-mers/practical-info/bus_choose/4","09_PRACTICAL_INFO","You want the simplest trip","You want the simplest trip","identical","keep_live","Three-column header: A=Location ID, B=Copy Text, C=Notes; C is metadata, not copy. Field key structure differs; proposed role mapping must be reviewed: /canal-des-deux-mers/practical-info/bus_choose/4 -> /cdm-practical/list_20. Live copy cell has yellow fill (owner describes as unapproved); matching wording does not imply approval.","per_page","345388221","33","A33","B33","True","","","[""/cdm-practical/list_20""]","[320]","[""You want the simplest trip""]","[""#FFFF00""]","[""yellow_unapproved""]","proposed_role_alias","src/pages/canal-des-deux-mers/practical-info/index.astro","True","Approve live version | Adopt per-page version | Use a merged version (enter merged_version) | Escalate / needs clarification","","",""
"R0222","/meta_title","Approved Site Copy (live-only)","","BikeTourFrance.net: small-group bicycle tours in France","empty_in_per_page","keep_live","Live-only inventory row: no per-page counterpart was found. Missing per-page source is not deletion approval.","live_only","","","","","False","","","[""/meta_title""]","[2]","[""BikeTourFrance.net: small-group bicycle tours in France""]","[""#FFFFFF""]","[""white_no_explicit_approval""]","live_only","","True","Approve live version | Adopt per-page version | Use a merged version (enter merged_version) | Escalate / needs clarification","","",""
"R0223","/meta_description","Approved Site Copy (live-only)","","We help cyclists build extraordinary, self-supported bike tours in France!","empty_in_per_page","keep_live","Live-only inventory row: no per-page counterpart was found. Missing per-page source is not deletion approval.","live_only","","","","","False","","","[""/meta_description""]","[3]","[""We help cyclists build extraordinary, self-supported bike tours in France!""]","[""#FFFFFF""]","[""white_no_explicit_approval""]","live_only","","True","Approve live version | Adopt per-page version | Use a merged version (enter merged_version) | Escalate / needs clarification","","",""
"R0224","/header/logo_text","Approved Site Copy (live-only)","","BikeTourFrance.net","empty_in_per_page","keep_live","Live-only inventory row: no per-page counterpart was found. Missing per-page source is not deletion approval.","live_only","","","","","False","","","[""/header/logo_text""]","[4]","[""BikeTourFrance.net""]","[""#FFFFFF""]","[""white_no_explicit_approval""]","live_only","","True","Approve live version | Adopt per-page version | Use a merged version (enter merged_version) | Escalate / needs clarification","","",""
"R0225","/ready-to-ride/cdm_cta","Approved Site Copy (live-only)","","Learn about the CDM Tour","empty_in_per_page","keep_live","Live-only inventory row: no per-page counterpart was found. Missing per-page source is not deletion approval.","live_only","","","","","False","","","[""/ready-to-ride/cdm_cta""]","[26]","[""Learn about the CDM Tour""]","[""#FFFFFF""]","[""white_no_explicit_approval""]","live_only","","True","Approve live version | Adopt per-page version | Use a merged version (enter merged_version) | Escalate / needs clarification","","",""
"R0226","/about/body_1","Approved Site Copy (live-only)","","I'm John—the cyclist behind BikeTourFrance.net. I help riders execute extraordinary bicycle tours in France.","empty_in_per_page","keep_live","Live-only inventory row: no per-page counterpart was found. Missing per-page source is not deletion approval.","live_only","","","","","False","","","[""/about/body_1""]","[29]","[""I'm John—the cyclist behind BikeTourFrance.net. I help riders execute extraordinary bicycle tours in France.""]","[""#FFFFFF""]","[""white_no_explicit_approval""]","live_only","","True","Approve live version | Adopt per-page version | Use a merged version (enter merged_version) | Escalate / needs clarification","","",""
"R0227","/about/body_2","Approved Site Copy (live-only)","","I personally lead four very small, self-supported group tours each year. Groups have fewer than 12 riders, so I can lead the ride, communicate each day's plan in depth, and give the group the attention it needs.","empty_in_per_page","keep_live","Live-only inventory row: no per-page counterpart was found. Missing per-page source is not deletion approval.","live_only","","","","","False","","","[""/about/body_2""]","[30]","[""I personally lead four very small, self-supported group tours each year. Groups have fewer than 12 riders, so I can lead the ride, communicate each day's plan in depth, and give the group the attention it needs.""]","[""#FFFFFF""]","[""white_no_explicit_approval""]","live_only","","True","Approve live version | Adopt per-page version | Use a merged version (enter merged_version) | Escalate / needs clarification","","",""
"R0228","/about/body_3","Approved Site Copy (live-only)","","If you prefer to travel on your own schedule, I offer a self-guided tour package. I build the routes, book your accommodations, and provide practical support as you prepare for the trip. You ride independently, with a sound plan and help when you need it.","empty_in_per_page","keep_live","Live-only inventory row: no per-page counterpart was found. Missing per-page source is not deletion approval.","live_only","","","","","False","","","[""/about/body_3""]","[31]","[""If you prefer to travel on your own schedule, I offer a self-guided tour package. I build the routes, book your accommodations, and provide practical support as you prepare for the trip. You ride independently, with a sound plan and help when you need it.""]","[""#FFFFFF""]","[""white_no_explicit_approval""]","live_only","","True","Approve live version | Adopt per-page version | Use a merged version (enter merged_version) | Escalate / needs clarification","","",""
"R0229","/about/body_4","Approved Site Copy (live-only)","","All BikeTourFrance tours are self-supported. You carry your own gear from place to place. The Canal des Deux Mers is fairly flat, so you do not need to obsess over every gram. But space still matters. Pack less than you think you need.","empty_in_per_page","keep_live","Live-only inventory row: no per-page counterpart was found. Missing per-page source is not deletion approval.","live_only","","","","","False","","","[""/about/body_4""]","[32]","[""All BikeTourFrance tours are self-supported. You carry your own gear from place to place. The Canal des Deux Mers is fairly flat, so you do not need to obsess over every gram. But space still matters. Pack less than you think you need.""]","[""#FFFFFF""]","[""white_no_explicit_approval""]","live_only","","True","Approve live version | Adopt per-page version | Use a merged version (enter merged_version) | Escalate / needs clarification","","",""
"R0230","/about/body_5","Approved Site Copy (live-only)","","Planning a bicycle tour in France gets complex fast. Where you ride, how far you go, where you eat, where you sleep, how trains fit in, and when you stop to see a place all affect one another. A small choice early in the plan can cause a hard day later.","empty_in_per_page","keep_live","Live-only inventory row: no per-page counterpart was found. Missing per-page source is not deletion approval.","live_only","","","","","False","","","[""/about/body_5""]","[33]","[""Planning a bicycle tour in France gets complex fast. Where you ride, how far you go, where you eat, where you sleep, how trains fit in, and when you stop to see a place all affect one another. A small choice early in the plan can cause a hard day later.""]","[""#FFFFFF""]","[""white_no_explicit_approval""]","live_only","","True","Approve live version | Adopt per-page version | Use a merged version (enter merged_version) | Escalate / needs clarification","","",""
"R0231","/about/body_6","Approved Site Copy (live-only)","","I have planned and ridden self-supported tours across France. I have also traveled on foot in many parts of the country. I know what works on the ground: routes that make sense, days that fit real riders, places to stay, food stops, train options, and the small details that keep a trip moving well. I also know that coordinating your arrival time with your lodging can make a big difference for everyone.","empty_in_per_page","keep_live","Live-only inventory row: no per-page counterpart was found. Missing per-page source is not deletion approval.","live_only","","","","","False","","","[""/about/body_6""]","[34]","[""I have planned and ridden self-supported tours across France. I have also traveled on foot in many parts of the country. I know what works on the ground: routes that make sense, days that fit real riders, places to stay, food stops, train options, and the small details that keep a trip moving well. I also know that coordinating your arrival time with your lodging can make a big difference for everyone.""]","[""#FFFFFF""]","[""white_no_explicit_approval""]","live_only","","True","Approve live version | Adopt per-page version | Use a merged version (enter merged_version) | Escalate / needs clarification","","",""
"R0232","/about/body_7","Approved Site Copy (live-only)","","Outside of touring, I lead rides for Cascade Bicycle Club in Seattle, work in enterprise technology, and hold DELF B2 certification in French. I'm not a camper—I like a good route, a real bed, a warm shower, and a solid meal at the end of the day. It is France, after all, and I love to eat well.","empty_in_per_page","keep_live","Live-only inventory row: no per-page counterpart was found. Missing per-page source is not deletion approval.","live_only","","","","","False","","","[""/about/body_7""]","[35]","[""Outside of touring, I lead rides for Cascade Bicycle Club in Seattle, work in enterprise technology, and hold DELF B2 certification in French. I'm not a camper—I like a good route, a real bed, a warm shower, and a solid meal at the end of the day. It is France, after all, and I love to eat well.""]","[""#FFFFFF""]","[""white_no_explicit_approval""]","live_only","","True","Approve live version | Adopt per-page version | Use a merged version (enter merged_version) | Escalate / needs clarification","","",""
"R0233","/footer/policies","Approved Site Copy (live-only)","","Privacy Policy: We collect email and calendar data for webinar registration and scheduling. Data is stored securely and never shared with third parties. Terms of Service: By using our site, you agree to follow all applicable laws and accept our liability limits. BikeTourFrance.net provides advisory services without warranties; users are responsible for their own tour planning and execution. Cookie Policy: We use cookies to track site usage and improve your experience. By continuing to use this site, you consent to cookie usage as required by GDPR and CCPA. Disclaimer: All content is advisory only. We are not liable for injuries, equipment failure, or planning errors resulting from our guidance.","empty_in_per_page","needs_decision","Live-only inventory row: no per-page counterpart was found. Missing per-page source is not deletion approval. Internal policy contradiction: says cookies are used and continuing use means consent; /cookies/body_2 says no cookies or tracking. Also describes webinar/calendar data not explained in per-page privacy. Verify and reconcile before publication.","live_only","","","","","False","","","[""/footer/policies""]","[36]","[""Privacy Policy: We collect email and calendar data for webinar registration and scheduling. Data is stored securely and never shared with third parties. Terms of Service: By using our site, you agree to follow all applicable laws and accept our liability limits. BikeTourFrance.net provides advisory services without warranties; users are responsible for their own tour planning and execution. Cookie Policy: We use cookies to track site usage and improve your experience. By continuing to use this site, you consent to cookie usage as required by GDPR and CCPA. Disclaimer: All content is advisory only. We are not liable for injuries, equipment failure, or planning errors resulting from our guidance.""]","[""#FFFFFF""]","[""white_no_explicit_approval""]","live_only","","True","Approve live version | Adopt per-page version | Use a merged version (enter merged_version) | Escalate / needs clarification","","",""
"R0234","/resources/meta_description","Approved Site Copy (live-only)","","For cyclists who value authenticity and agency over curated experiences: plan your own bike tour in France with practical guidance on routes, decisions, and real-world tradeoffs.","empty_in_per_page","keep_live","Live-only inventory row: no per-page counterpart was found. Missing per-page source is not deletion approval.","live_only","","","","","False","","","[""/resources/meta_description""]","[39]","[""For cyclists who value authenticity and agency over curated experiences: plan your own bike tour in France with practical guidance on routes, decisions, and real-world tradeoffs.""]","[""#FFFFFF""]","[""white_no_explicit_approval""]","live_only","","True","Approve live version | Adopt per-page version | Use a merged version (enter merged_version) | Escalate / needs clarification","","",""
"R0235","/resources/back_link","Approved Site Copy (live-only)","","Back to the home page","empty_in_per_page","keep_live","Live-only inventory row: no per-page counterpart was found. Missing per-page source is not deletion approval.","live_only","","","","","False","","","[""/resources/back_link""]","[40]","[""Back to the home page""]","[""#FFFFFF""]","[""white_no_explicit_approval""]","live_only","","True","Approve live version | Adopt per-page version | Use a merged version (enter merged_version) | Escalate / needs clarification","","",""
"R0236","/resources/helpful_stuff_heading","Approved Site Copy (live-only)","","Helpful Stuff","empty_in_per_page","keep_live","Live-only inventory row: no per-page counterpart was found. Missing per-page source is not deletion approval.","live_only","","","","","False","","","[""/resources/helpful_stuff_heading""]","[41]","[""Helpful Stuff""]","[""#FFFFFF""]","[""white_no_explicit_approval""]","live_only","","True","Approve live version | Adopt per-page version | Use a merged version (enter merged_version) | Escalate / needs clarification","","",""
"R0237","/resources/helpful_stuff_body","Approved Site Copy (live-only)","","Planning a successful self-supported bike tour in France requires good structure. Here are some of the templates and examples of how I do it. They're free. Modify as you see fit. I'd love to see what improvements worked well for you!","empty_in_per_page","keep_live","Live-only inventory row: no per-page counterpart was found. Missing per-page source is not deletion approval.","live_only","","","","","False","","","[""/resources/helpful_stuff_body""]","[43]","[""Planning a successful self-supported bike tour in France requires good structure. Here are some of the templates and examples of how I do it. They're free. Modify as you see fit. I'd love to see what improvements worked well for you!""]","[""#FFFFFF""]","[""white_no_explicit_approval""]","live_only","","True","Approve live version | Adopt per-page version | Use a merged version (enter merged_version) | Escalate / needs clarification","","",""
"R0238","/resources/helpful_sites_body","Approved Site Copy (live-only)","","These are cycling and travel resources I trust for their accuracy, depth, and real-world relevance. I selected them because they provide reliable information riders use to plan better bike tours.","empty_in_per_page","keep_live","Live-only inventory row: no per-page counterpart was found. Missing per-page source is not deletion approval.","live_only","","","","","False","","","[""/resources/helpful_sites_body""]","[44]","[""These are cycling and travel resources I trust for their accuracy, depth, and real-world relevance. I selected them because they provide reliable information riders use to plan better bike tours.""]","[""#FFFFFF""]","[""white_no_explicit_approval""]","live_only","","True","Approve live version | Adopt per-page version | Use a merged version (enter merged_version) | Escalate / needs clarification","","",""
"R0239","/resources/helpful_stuff_library_text","Approved Site Copy (live-only)","","Templates, audio guides, and trusted sites now live in the BikeTourFrance resource library.","empty_in_per_page","keep_live","Live-only inventory row: no per-page counterpart was found. Missing per-page source is not deletion approval.","live_only","","","","","False","","","[""/resources/helpful_stuff_library_text""]","[45]","[""Templates, audio guides, and trusted sites now live in the BikeTourFrance resource library.""]","[""#FFFFFF""]","[""white_no_explicit_approval""]","live_only","","True","Approve live version | Adopt per-page version | Use a merged version (enter merged_version) | Escalate / needs clarification","","",""
"R0240","/404/heading","Approved Site Copy (live-only)","","Page not found","empty_in_per_page","keep_live","Live-only inventory row: no per-page counterpart was found. Missing per-page source is not deletion approval.","live_only","","","","","False","","","[""/404/heading""]","[47]","[""Page not found""]","[""#FFFFFF""]","[""white_no_explicit_approval""]","live_only","","True","Approve live version | Adopt per-page version | Use a merged version (enter merged_version) | Escalate / needs clarification","","",""
"R0241","/404/body","Approved Site Copy (live-only)","","We could not find that page. It may have moved, or the link may be mistyped.","empty_in_per_page","keep_live","Live-only inventory row: no per-page counterpart was found. Missing per-page source is not deletion approval.","live_only","","","","","False","","","[""/404/body""]","[48]","[""We could not find that page. It may have moved, or the link may be mistyped.""]","[""#FFFFFF""]","[""white_no_explicit_approval""]","live_only","","True","Approve live version | Adopt per-page version | Use a merged version (enter merged_version) | Escalate / needs clarification","","",""
"R0242","/404/home_cta","Approved Site Copy (live-only)","","Back to the home page","empty_in_per_page","keep_live","Live-only inventory row: no per-page counterpart was found. Missing per-page source is not deletion approval.","live_only","","","","","False","","","[""/404/home_cta""]","[49]","[""Back to the home page""]","[""#FFFFFF""]","[""white_no_explicit_approval""]","live_only","","True","Approve live version | Adopt per-page version | Use a merged version (enter merged_version) | Escalate / needs clarification","","",""
"R0243","/404/resources_cta","Approved Site Copy (live-only)","","Resources","empty_in_per_page","keep_live","Live-only inventory row: no per-page counterpart was found. Missing per-page source is not deletion approval.","live_only","","","","","False","","","[""/404/resources_cta""]","[50]","[""Resources""]","[""#FFFFFF""]","[""white_no_explicit_approval""]","live_only","","True","Approve live version | Adopt per-page version | Use a merged version (enter merged_version) | Escalate / needs clarification","","",""
"R0244","/404/footer_note","Approved Site Copy (live-only)","","Staging site. Not indexed.","empty_in_per_page","keep_live","Live-only inventory row: no per-page counterpart was found. Missing per-page source is not deletion approval.","live_only","","","","","False","","","[""/404/footer_note""]","[51]","[""Staging site. Not indexed.""]","[""#FFFFFF""]","[""white_no_explicit_approval""]","live_only","","True","Approve live version | Adopt per-page version | Use a merged version (enter merged_version) | Escalate / needs clarification","","",""
"R0245","/footer/copyright","Approved Site Copy (live-only)","","© 2026 BikeTourFrance.net","empty_in_per_page","keep_live","Live-only inventory row: no per-page counterpart was found. Missing per-page source is not deletion approval. Live copy cell has yellow fill (unapproved per owner).","live_only","","","","","False","","","[""/footer/copyright""]","[52]","[""© 2026 BikeTourFrance.net""]","[""#FFFF00""]","[""yellow_unapproved""]","live_only","","True","Approve live version | Adopt per-page version | Use a merged version (enter merged_version) | Escalate / needs clarification","","",""
"R0246","/footer/small_commercial_bottom","Approved Site Copy (live-only)","","Small-group, self-supported bicycle tours in France, led by John. Eat. Sleep. Roll. Repeat.","empty_in_per_page","keep_live","Live-only inventory row: no per-page counterpart was found. Missing per-page source is not deletion approval. Live copy cell has yellow fill (unapproved per owner).","live_only","","","","","False","","","[""/footer/small_commercial_bottom""]","[53]","[""Small-group, self-supported bicycle tours in France, led by John. Eat. Sleep. Roll. Repeat.""]","[""#FFFF00""]","[""yellow_unapproved""]","live_only","","True","Approve live version | Adopt per-page version | Use a merged version (enter merged_version) | Escalate / needs clarification","","",""
"R0247","/buttons/read_more_about_john","Approved Site Copy (live-only)","","Read more about John","empty_in_per_page","keep_live","Live-only inventory row: no per-page counterpart was found. Missing per-page source is not deletion approval. Live copy cell has yellow fill (unapproved per owner).","live_only","","","","","False","","","[""/buttons/read_more_about_john""]","[56]","[""Read more about John""]","[""#FFFF00""]","[""yellow_unapproved""]","live_only","","True","Approve live version | Adopt per-page version | Use a merged version (enter merged_version) | Escalate / needs clarification","","",""
"R0248","/buttons/more_tour_photos","Approved Site Copy (live-only)","","More tour photos","empty_in_per_page","keep_live","Live-only inventory row: no per-page counterpart was found. Missing per-page source is not deletion approval. Live copy cell has yellow fill (unapproved per owner).","live_only","","","","","False","","","[""/buttons/more_tour_photos""]","[57]","[""More tour photos""]","[""#FFFF00""]","[""yellow_unapproved""]","live_only","","True","Approve live version | Adopt per-page version | Use a merged version (enter merged_version) | Escalate / needs clarification","","",""
"R0249","/404-page/body_1","Approved Site Copy (live-only)","","These pages can help:","empty_in_per_page","keep_live","Live-only inventory row: no per-page counterpart was found. Missing per-page source is not deletion approval. Live copy cell has yellow fill (unapproved per owner).","live_only","","","","","False","","","[""/404-page/body_1""]","[59]","[""These pages can help:""]","[""#FFFF00""]","[""yellow_unapproved""]","live_only","","True","Approve live version | Adopt per-page version | Use a merged version (enter merged_version) | Escalate / needs clarification","","",""
"R0250","/404-page/meta_description","Approved Site Copy (live-only)","","That page is not on the BikeTourFrance.net website. Use these links to find the tour, resources, or contact page.","empty_in_per_page","keep_live","Live-only inventory row: no per-page counterpart was found. Missing per-page source is not deletion approval. Live copy cell has yellow fill (unapproved per owner).","live_only","","","","","False","","","[""/404-page/meta_description""]","[60]","[""That page is not on the BikeTourFrance.net website. Use these links to find the tour, resources, or contact page.""]","[""#FFFF00""]","[""yellow_unapproved""]","live_only","","True","Approve live version | Adopt per-page version | Use a merged version (enter merged_version) | Escalate / needs clarification","","",""
"R0251","/about-page/meta_description","Approved Site Copy (live-only)","","John leads small, self-supported bicycle tours in France. Learn who he is, how the tours work, and why he plans each day in detail.","empty_in_per_page","keep_live","Live-only inventory row: no per-page counterpart was found. Missing per-page source is not deletion approval. Live copy cell has yellow fill (unapproved per owner).","live_only","","","","","False","","","[""/about-page/meta_description""]","[63]","[""John leads small, self-supported bicycle tours in France. Learn who he is, how the tours work, and why he plans each day in detail.""]","[""#FFFF00""]","[""yellow_unapproved""]","live_only","","True","Approve live version | Adopt per-page version | Use a merged version (enter merged_version) | Escalate / needs clarification","","",""
"R0252","/about-page/meta_title","Approved Site Copy (live-only)","","About John","empty_in_per_page","keep_live","Live-only inventory row: no per-page counterpart was found. Missing per-page source is not deletion approval. Live copy cell has yellow fill (unapproved per owner).","live_only","","","","","False","","","[""/about-page/meta_title""]","[64]","[""About John""]","[""#FFFF00""]","[""yellow_unapproved""]","live_only","","True","Approve live version | Adopt per-page version | Use a merged version (enter merged_version) | Escalate / needs clarification","","",""
"R0253","/cdm-practical/meta_description","Approved Site Copy (live-only)","","How to get from Bordeaux Airport (Mérignac) to Gare Saint-Jean station and nearby hotels: Tram Line F or the 30'Direct airport bus, with times, costs, and bike rules.","empty_in_per_page","keep_live","Live-only inventory row: no per-page counterpart was found. Missing per-page source is not deletion approval. Live copy cell has yellow fill (unapproved per owner).","live_only","","","","","False","","","[""/cdm-practical/meta_description""]","[81]","[""How to get from Bordeaux Airport (Mérignac) to Gare Saint-Jean station and nearby hotels: Tram Line F or the 30'Direct airport bus, with times, costs, and bike rules.""]","[""#FFFF00""]","[""yellow_unapproved""]","live_only","","True","Approve live version | Adopt per-page version | Use a merged version (enter merged_version) | Escalate / needs clarification","","",""
"R0254","/cdm-practical/meta_title","Approved Site Copy (live-only)","","Bordeaux Airport to Gare Saint-Jean: tram or airport bus","empty_in_per_page","keep_live","Live-only inventory row: no per-page counterpart was found. Missing per-page source is not deletion approval. Live copy cell has yellow fill (unapproved per owner).","live_only","","","","","False","","","[""/cdm-practical/meta_title""]","[82]","[""Bordeaux Airport to Gare Saint-Jean: tram or airport bus""]","[""#FFFF00""]","[""yellow_unapproved""]","live_only","","True","Approve live version | Adopt per-page version | Use a merged version (enter merged_version) | Escalate / needs clarification","","",""
"R0255","/cdm/aria_1","Approved Site Copy (live-only)","","Route stops in order","empty_in_per_page","keep_live","Live-only inventory row: no per-page counterpart was found. Missing per-page source is not deletion approval. Live copy cell has yellow fill (unapproved per owner).","live_only","","","","","False","","","[""/cdm/aria_1""]","[83]","[""Route stops in order""]","[""#FFFF00""]","[""yellow_unapproved""]","live_only","","True","Approve live version | Adopt per-page version | Use a merged version (enter merged_version) | Escalate / needs clarification","","",""
"R0256","/cdm/meta_description","Approved Site Copy (live-only)","","Ride from Bordeaux to Sète along the Canal des Deux Mers with a small, self-supported group. Four departures in 2027: nine riding days, one rest day in Toulouse, 11 nights.","empty_in_per_page","keep_live","Live-only inventory row: no per-page counterpart was found. Missing per-page source is not deletion approval. Live copy cell has yellow fill (unapproved per owner).","live_only","","","","","False","","","[""/cdm/meta_description""]","[96]","[""Ride from Bordeaux to Sète along the Canal des Deux Mers with a small, self-supported group. Four departures in 2027: nine riding days, one rest day in Toulouse, 11 nights.""]","[""#FFFF00""]","[""yellow_unapproved""]","live_only","","True","Approve live version | Adopt per-page version | Use a merged version (enter merged_version) | Escalate / needs clarification","","",""
"R0257","/cdm/meta_title","Approved Site Copy (live-only)","","Canal des Deux Mers by bike, 2027 small-group tour","empty_in_per_page","keep_live","Live-only inventory row: no per-page counterpart was found. Missing per-page source is not deletion approval. Live copy cell has yellow fill (unapproved per owner).","live_only","","","","","False","","","[""/cdm/meta_title""]","[97]","[""Canal des Deux Mers by bike, 2027 small-group tour""]","[""#FFFF00""]","[""yellow_unapproved""]","live_only","","True","Approve live version | Adopt per-page version | Use a merged version (enter merged_version) | Escalate / needs clarification","","",""
"R0258","/contact-page/meta_description","Approved Site Copy (live-only)","","Email John with questions about the 2027 Canal des Deux Mers tours, the waitlist, or planning your own bike trip in France.","empty_in_per_page","keep_live","Live-only inventory row: no per-page counterpart was found. Missing per-page source is not deletion approval. Live copy cell has yellow fill (unapproved per owner).","live_only","","","","","False","","","[""/contact-page/meta_description""]","[102]","[""Email John with questions about the 2027 Canal des Deux Mers tours, the waitlist, or planning your own bike trip in France.""]","[""#FFFF00""]","[""yellow_unapproved""]","live_only","","True","Approve live version | Adopt per-page version | Use a merged version (enter merged_version) | Escalate / needs clarification","","",""
"R0259","/cookies/body_1","Approved Site Copy (live-only)","","What this website stores in your browser. Last updated October 2, 2026.","empty_in_per_page","keep_live","Live-only inventory row: no per-page counterpart was found. Missing per-page source is not deletion approval. Live copy cell has yellow fill (unapproved per owner).","live_only","","","","","False","","","[""/cookies/body_1""]","[104]","[""What this website stores in your browser. Last updated October 2, 2026.""]","[""#FFFF00""]","[""yellow_unapproved""]","live_only","","True","Approve live version | Adopt per-page version | Use a merged version (enter merged_version) | Escalate / needs clarification","","",""
"R0260","/cookies/body_2","Approved Site Copy (live-only)","","This website's code does not set cookies, and it runs no analytics, advertising, or social-media tracking tools. Because of that, it shows no cookie banner and asks for no consent.","empty_in_per_page","keep_live","Live-only inventory row: no per-page counterpart was found. Missing per-page source is not deletion approval. Live copy cell has yellow fill (unapproved per owner).","live_only","","","","","False","","","[""/cookies/body_2""]","[105]","[""This website's code does not set cookies, and it runs no analytics, advertising, or social-media tracking tools. Because of that, it shows no cookie banner and asks for no consent.""]","[""#FFFF00""]","[""yellow_unapproved""]","live_only","","True","Approve live version | Adopt per-page version | Use a merged version (enter merged_version) | Escalate / needs clarification","","",""
"R0261","/cookies/body_3","Approved Site Copy (live-only)","","If analytics or marketing tools are added later, this page will be updated first, and the site will ask for your choice before any non-essential tool runs.","empty_in_per_page","keep_live","Live-only inventory row: no per-page counterpart was found. Missing per-page source is not deletion approval. Live copy cell has yellow fill (unapproved per owner).","live_only","","","","","False","","","[""/cookies/body_3""]","[106]","[""If analytics or marketing tools are added later, this page will be updated first, and the site will ask for your choice before any non-essential tool runs.""]","[""#FFFF00""]","[""yellow_unapproved""]","live_only","","True","Approve live version | Adopt per-page version | Use a merged version (enter merged_version) | Escalate / needs clarification","","",""
"R0262","/cookies/body_4","Approved Site Copy (live-only)","","Links on the Resources page lead to Google Docs, Google Sheets, and other websites. Those sites may set their own cookies once you open them.","empty_in_per_page","keep_live","Live-only inventory row: no per-page counterpart was found. Missing per-page source is not deletion approval. Live copy cell has yellow fill (unapproved per owner).","live_only","","","","","False","","","[""/cookies/body_4""]","[107]","[""Links on the Resources page lead to Google Docs, Google Sheets, and other websites. Those sites may set their own cookies once you open them.""]","[""#FFFF00""]","[""yellow_unapproved""]","live_only","","True","Approve live version | Adopt per-page version | Use a merged version (enter merged_version) | Escalate / needs clarification","","",""
"R0263","/cookies/heading_1","Approved Site Copy (live-only)","","Cookies and tracking on this site","empty_in_per_page","keep_live","Live-only inventory row: no per-page counterpart was found. Missing per-page source is not deletion approval. Live copy cell has yellow fill (unapproved per owner).","live_only","","","","","False","","","[""/cookies/heading_1""]","[108]","[""Cookies and tracking on this site""]","[""#FFFF00""]","[""yellow_unapproved""]","live_only","","True","Approve live version | Adopt per-page version | Use a merged version (enter merged_version) | Escalate / needs clarification","","",""
"R0264","/cookies/heading_2","Approved Site Copy (live-only)","","If that changes","empty_in_per_page","keep_live","Live-only inventory row: no per-page counterpart was found. Missing per-page source is not deletion approval. Live copy cell has yellow fill (unapproved per owner).","live_only","","","","","False","","","[""/cookies/heading_2""]","[109]","[""If that changes""]","[""#FFFF00""]","[""yellow_unapproved""]","live_only","","True","Approve live version | Adopt per-page version | Use a merged version (enter merged_version) | Escalate / needs clarification","","",""
"R0265","/cookies/heading_3","Approved Site Copy (live-only)","","Other sites","empty_in_per_page","keep_live","Live-only inventory row: no per-page counterpart was found. Missing per-page source is not deletion approval. Live copy cell has yellow fill (unapproved per owner).","live_only","","","","","False","","","[""/cookies/heading_3""]","[110]","[""Other sites""]","[""#FFFF00""]","[""yellow_unapproved""]","live_only","","True","Approve live version | Adopt per-page version | Use a merged version (enter merged_version) | Escalate / needs clarification","","",""
"R0266","/cookies/meta_description","Approved Site Copy (live-only)","","This BikeTourFrance.net website does not set cookies of its own and runs no analytics or advertising tools.","empty_in_per_page","keep_live","Live-only inventory row: no per-page counterpart was found. Missing per-page source is not deletion approval. Live copy cell has yellow fill (unapproved per owner).","live_only","","","","","False","","","[""/cookies/meta_description""]","[111]","[""This BikeTourFrance.net website does not set cookies of its own and runs no analytics or advertising tools.""]","[""#FFFF00""]","[""yellow_unapproved""]","live_only","","True","Approve live version | Adopt per-page version | Use a merged version (enter merged_version) | Escalate / needs clarification","","",""
"R0267","/footer-ui/alt_1","Approved Site Copy (live-only)","","BikeTourFrance.net logo: a bicycle over a map of France","empty_in_per_page","keep_live","Live-only inventory row: no per-page counterpart was found. Missing per-page source is not deletion approval. Live copy cell has yellow fill (unapproved per owner).","live_only","","","","","False","","","[""/footer-ui/alt_1""]","[112]","[""BikeTourFrance.net logo: a bicycle over a map of France""]","[""#FFFF00""]","[""yellow_unapproved""]","live_only","","True","Approve live version | Adopt per-page version | Use a merged version (enter merged_version) | Escalate / needs clarification","","",""
"R0268","/photos/text_1","Approved Site Copy (live-only)","","A cyclist riding away on a paved canal path, with water and green vegetation on both sides and trees in the distance.","empty_in_per_page","keep_live","Live-only inventory row: no per-page counterpart was found. Missing per-page source is not deletion approval. Live copy cell has yellow fill (unapproved per owner).","live_only","","","","","False","","","[""/photos/text_1""]","[113]","[""A cyclist riding away on a paved canal path, with water and green vegetation on both sides and trees in the distance.""]","[""#FFFF00""]","[""yellow_unapproved""]","live_only","","True","Approve live version | Adopt per-page version | Use a merged version (enter merged_version) | Escalate / needs clarification","","",""
"R0269","/photos/text_10","Approved Site Copy (live-only)","","A rider far ahead on a narrow cobbled strip between two stretches of calm water.","empty_in_per_page","keep_live","Live-only inventory row: no per-page counterpart was found. Missing per-page source is not deletion approval. Live copy cell has yellow fill (unapproved per owner).","live_only","","","","","False","","","[""/photos/text_10""]","[114]","[""A rider far ahead on a narrow cobbled strip between two stretches of calm water.""]","[""#FFFF00""]","[""yellow_unapproved""]","live_only","","True","Approve live version | Adopt per-page version | Use a merged version (enter merged_version) | Escalate / needs clarification","","",""
"R0270","/photos/text_11","Approved Site Copy (live-only)","","A rider in a red helmet smiling at the camera on a shaded canal path, with a second rider behind.","empty_in_per_page","keep_live","Live-only inventory row: no per-page counterpart was found. Missing per-page source is not deletion approval. Live copy cell has yellow fill (unapproved per owner).","live_only","","","","","False","","","[""/photos/text_11""]","[115]","[""A rider in a red helmet smiling at the camera on a shaded canal path, with a second rider behind.""]","[""#FFFF00""]","[""yellow_unapproved""]","live_only","","True","Approve live version | Adopt per-page version | Use a merged version (enter merged_version) | Escalate / needs clarification","","",""
"R0271","/photos/text_12","Approved Site Copy (live-only)","","A paved path through tall pine trees with a rider in the distance.","empty_in_per_page","keep_live","Live-only inventory row: no per-page counterpart was found. Missing per-page source is not deletion approval. Live copy cell has yellow fill (unapproved per owner).","live_only","","","","","False","","","[""/photos/text_12""]","[116]","[""A paved path through tall pine trees with a rider in the distance.""]","[""#FFFF00""]","[""yellow_unapproved""]","live_only","","True","Approve live version | Adopt per-page version | Use a merged version (enter merged_version) | Escalate / needs clarification","","",""
"R0272","/photos/text_13","Approved Site Copy (live-only)","","A small stone church with a bell tower, with a bicycle leaning near its door.","empty_in_per_page","keep_live","Live-only inventory row: no per-page counterpart was found. Missing per-page source is not deletion approval. Live copy cell has yellow fill (unapproved per owner).","live_only","","","","","False","","","[""/photos/text_13""]","[117]","[""A small stone church with a bell tower, with a bicycle leaning near its door.""]","[""#FFFF00""]","[""yellow_unapproved""]","live_only","","True","Approve live version | Adopt per-page version | Use a merged version (enter merged_version) | Escalate / needs clarification","","",""
"R0273","/photos/text_14","Approved Site Copy (live-only)","","A rider taking a selfie on a train next to loaded touring bikes.","empty_in_per_page","keep_live","Live-only inventory row: no per-page counterpart was found. Missing per-page source is not deletion approval. Live copy cell has yellow fill (unapproved per owner).","live_only","","","","","False","","","[""/photos/text_14""]","[118]","[""A rider taking a selfie on a train next to loaded touring bikes.""]","[""#FFFF00""]","[""yellow_unapproved""]","live_only","","True","Approve live version | Adopt per-page version | Use a merged version (enter merged_version) | Escalate / needs clarification","","",""
"R0274","/photos/text_15","Approved Site Copy (live-only)","","Two people working on a bicycle wheel together in a workshop.","empty_in_per_page","keep_live","Live-only inventory row: no per-page counterpart was found. Missing per-page source is not deletion approval. Live copy cell has yellow fill (unapproved per owner).","live_only","","","","","False","","","[""/photos/text_15""]","[119]","[""Two people working on a bicycle wheel together in a workshop.""]","[""#FFFF00""]","[""yellow_unapproved""]","live_only","","True","Approve live version | Adopt per-page version | Use a merged version (enter merged_version) | Escalate / needs clarification","","",""
"R0275","/photos/text_16","Approved Site Copy (live-only)","","Riders in matching cycling jerseys on a tree-lined path, with more riders behind them.","empty_in_per_page","keep_live","Live-only inventory row: no per-page counterpart was found. Missing per-page source is not deletion approval. Live copy cell has yellow fill (unapproved per owner).","live_only","","","","","False","","","[""/photos/text_16""]","[120]","[""Riders in matching cycling jerseys on a tree-lined path, with more riders behind them.""]","[""#FFFF00""]","[""yellow_unapproved""]","live_only","","True","Approve live version | Adopt per-page version | Use a merged version (enter merged_version) | Escalate / needs clarification","","",""
"R0276","/photos/text_17","Approved Site Copy (live-only)","","Three riders in cycling kit posing beside a bike in a town square with a palm tree.","empty_in_per_page","keep_live","Live-only inventory row: no per-page counterpart was found. Missing per-page source is not deletion approval. Live copy cell has yellow fill (unapproved per owner).","live_only","","","","","False","","","[""/photos/text_17""]","[121]","[""Three riders in cycling kit posing beside a bike in a town square with a palm tree.""]","[""#FFFF00""]","[""yellow_unapproved""]","live_only","","True","Approve live version | Adopt per-page version | Use a merged version (enter merged_version) | Escalate / needs clarification","","",""
"R0277","/photos/text_18","Approved Site Copy (live-only)","","A long straight paved greenway through pine woods, with one rider ahead in the distance.","empty_in_per_page","keep_live","Live-only inventory row: no per-page counterpart was found. Missing per-page source is not deletion approval. Live copy cell has yellow fill (unapproved per owner).","live_only","","","","","False","","","[""/photos/text_18""]","[122]","[""A long straight paved greenway through pine woods, with one rider ahead in the distance.""]","[""#FFFF00""]","[""yellow_unapproved""]","live_only","","True","Approve live version | Adopt per-page version | Use a merged version (enter merged_version) | Escalate / needs clarification","","",""
"R0278","/photos/text_19","Approved Site Copy (live-only)","","Illustration of a panda arriving at Bordeaux Airport with a bike case and a backpack.","empty_in_per_page","keep_live","Live-only inventory row: no per-page counterpart was found. Missing per-page source is not deletion approval. Live copy cell has yellow fill (unapproved per owner).","live_only","","","","","False","","","[""/photos/text_19""]","[123]","[""Illustration of a panda arriving at Bordeaux Airport with a bike case and a backpack.""]","[""#FFFF00""]","[""yellow_unapproved""]","live_only","","True","Approve live version | Adopt per-page version | Use a merged version (enter merged_version) | Escalate / needs clarification","","",""
"R0279","/photos/text_2","Approved Site Copy (live-only)","","Five riders in cycling jerseys sharing coffee at a café table.","empty_in_per_page","keep_live","Live-only inventory row: no per-page counterpart was found. Missing per-page source is not deletion approval. Live copy cell has yellow fill (unapproved per owner).","live_only","","","","","False","","","[""/photos/text_2""]","[124]","[""Five riders in cycling jerseys sharing coffee at a café table.""]","[""#FFFF00""]","[""yellow_unapproved""]","live_only","","True","Approve live version | Adopt per-page version | Use a merged version (enter merged_version) | Escalate / needs clarification","","",""
"R0280","/photos/text_20","Approved Site Copy (live-only)","","Illustration of a panda in an orange scarf standing beside a loaded touring bike, with the words BikeTourFrance.net.","empty_in_per_page","keep_live","Live-only inventory row: no per-page counterpart was found. Missing per-page source is not deletion approval. Live copy cell has yellow fill (unapproved per owner).","live_only","","","","","False","","","[""/photos/text_20""]","[125]","[""Illustration of a panda in an orange scarf standing beside a loaded touring bike, with the words BikeTourFrance.net.""]","[""#FFFF00""]","[""yellow_unapproved""]","live_only","","True","Approve live version | Adopt per-page version | Use a merged version (enter merged_version) | Escalate / needs clarification","","",""
"R0281","/photos/text_3","Approved Site Copy (live-only)","","John and friends seated together at a table, smiling at the camera.","empty_in_per_page","keep_live","Live-only inventory row: no per-page counterpart was found. Missing per-page source is not deletion approval. Live copy cell has yellow fill (unapproved per owner).","live_only","","","","","False","","","[""/photos/text_3""]","[126]","[""John and friends seated together at a table, smiling at the camera.""]","[""#FFFF00""]","[""yellow_unapproved""]","live_only","","True","Approve live version | Adopt per-page version | Use a merged version (enter merged_version) | Escalate / needs clarification","","",""
"R0282","/photos/text_4","Approved Site Copy (live-only)","","Two loaded touring bikes parked in front of a wooden building with a sign reading ""Créon fête le vélo"".","empty_in_per_page","keep_live","Live-only inventory row: no per-page counterpart was found. Missing per-page source is not deletion approval. Live copy cell has yellow fill (unapproved per owner).","live_only","","","","","False","","","[""/photos/text_4""]","[127]","[""Two loaded touring bikes parked in front of a wooden building with a sign reading \""Créon fête le vélo\"".""]","[""#FFFF00""]","[""yellow_unapproved""]","live_only","","True","Approve live version | Adopt per-page version | Use a merged version (enter merged_version) | Escalate / needs clarification","","",""
"R0283","/photos/text_5","Approved Site Copy (live-only)","","Two green signs for the Canal du Midi cycle route, one pointing left and one pointing right.","empty_in_per_page","keep_live","Live-only inventory row: no per-page counterpart was found. Missing per-page source is not deletion approval. Live copy cell has yellow fill (unapproved per owner).","live_only","","","","","False","","","[""/photos/text_5""]","[128]","[""Two green signs for the Canal du Midi cycle route, one pointing left and one pointing right.""]","[""#FFFF00""]","[""yellow_unapproved""]","live_only","","True","Approve live version | Adopt per-page version | Use a merged version (enter merged_version) | Escalate / needs clarification","","",""
"R0284","/photos/text_6","Approved Site Copy (live-only)","","Canal du Midi route signs","empty_in_per_page","keep_live","Live-only inventory row: no per-page counterpart was found. Missing per-page source is not deletion approval. Live copy cell has yellow fill (unapproved per owner).","live_only","","","","","False","","","[""/photos/text_6""]","[129]","[""Canal du Midi route signs""]","[""#FFFF00""]","[""yellow_unapproved""]","live_only","","True","Approve live version | Adopt per-page version | Use a merged version (enter merged_version) | Escalate / needs clarification","","",""
"R0285","/photos/text_7","Approved Site Copy (live-only)","","A touring bike leaning against the front of a small hotel with a blue balcony.","empty_in_per_page","keep_live","Live-only inventory row: no per-page counterpart was found. Missing per-page source is not deletion approval. Live copy cell has yellow fill (unapproved per owner).","live_only","","","","","False","","","[""/photos/text_7""]","[130]","[""A touring bike leaning against the front of a small hotel with a blue balcony.""]","[""#FFFF00""]","[""yellow_unapproved""]","live_only","","True","Approve live version | Adopt per-page version | Use a merged version (enter merged_version) | Escalate / needs clarification","","",""
"R0286","/photos/text_8","Approved Site Copy (live-only)","","Three riders with loaded bikes standing on the pavement outside a hotel entrance.","empty_in_per_page","keep_live","Live-only inventory row: no per-page counterpart was found. Missing per-page source is not deletion approval. Live copy cell has yellow fill (unapproved per owner).","live_only","","","","","False","","","[""/photos/text_8""]","[131]","[""Three riders with loaded bikes standing on the pavement outside a hotel entrance.""]","[""#FFFF00""]","[""yellow_unapproved""]","live_only","","True","Approve live version | Adopt per-page version | Use a merged version (enter merged_version) | Escalate / needs clarification","","",""
"R0287","/photos/text_9","Approved Site Copy (live-only)","","A rider on a pale gravel path beside a straight canal with grass on both sides.","empty_in_per_page","keep_live","Live-only inventory row: no per-page counterpart was found. Missing per-page source is not deletion approval. Live copy cell has yellow fill (unapproved per owner).","live_only","","","","","False","","","[""/photos/text_9""]","[132]","[""A rider on a pale gravel path beside a straight canal with grass on both sides.""]","[""#FFFF00""]","[""yellow_unapproved""]","live_only","","True","Approve live version | Adopt per-page version | Use a merged version (enter merged_version) | Escalate / needs clarification","","",""
"R0288","/privacy/meta_description","Approved Site Copy (live-only)","","What the BikeTourFrance.net website does and does not collect, and how email you send to John is handled.","empty_in_per_page","keep_live","Live-only inventory row: no per-page counterpart was found. Missing per-page source is not deletion approval. Live copy cell has yellow fill (unapproved per owner).","live_only","","","","","False","","","[""/privacy/meta_description""]","[141]","[""What the BikeTourFrance.net website does and does not collect, and how email you send to John is handled.""]","[""#FFFF00""]","[""yellow_unapproved""]","live_only","","True","Approve live version | Adopt per-page version | Use a merged version (enter merged_version) | Escalate / needs clarification","","",""
"R0289","/resources-library/text_16","Approved Site Copy (live-only)","","A Google Sheet. Copy it and change it to fit your trip.","empty_in_per_page","keep_live","Live-only inventory row: no per-page counterpart was found. Missing per-page source is not deletion approval. Live copy cell has yellow fill (unapproved per owner).","live_only","","","","","False","","","[""/resources-library/text_16""]","[149]","[""A Google Sheet. Copy it and change it to fit your trip.""]","[""#FFFF00""]","[""yellow_unapproved""]","live_only","","True","Approve live version | Adopt per-page version | Use a merged version (enter merged_version) | Escalate / needs clarification","","",""
"R0290","/resources-library/text_18","Approved Site Copy (live-only)","","Written for the 2026 tour. The history of the route has not changed. Formatted for a phone.","empty_in_per_page","keep_live","Live-only inventory row: no per-page counterpart was found. Missing per-page source is not deletion approval. Live copy cell has yellow fill (unapproved per owner).","live_only","","","","","False","","","[""/resources-library/text_18""]","[151]","[""Written for the 2026 tour. The history of the route has not changed. Formatted for a phone.""]","[""#FFFF00""]","[""yellow_unapproved""]","live_only","","True","Approve live version | Adopt per-page version | Use a merged version (enter merged_version) | Escalate / needs clarification","","",""
"R0291","/terms/body_1","Approved Site Copy (live-only)","","How to read the information on this website. Last updated October 2, 2026.","empty_in_per_page","keep_live","Live-only inventory row: no per-page counterpart was found. Missing per-page source is not deletion approval. Live copy cell has yellow fill (unapproved per owner).","live_only","","","","","False","","","[""/terms/body_1""]","[175]","[""How to read the information on this website. Last updated October 2, 2026.""]","[""#FFFF00""]","[""yellow_unapproved""]","live_only","","True","Approve live version | Adopt per-page version | Use a merged version (enter merged_version) | Escalate / needs clarification","","",""
"R0292","/terms/body_2","Approved Site Copy (live-only)","","The tour descriptions on this website are plans, and they can change. Exact dates and pricing for the 2027 tours have not been announced. Deposit, payment, and cancellation terms have not been published.","empty_in_per_page","keep_live","Live-only inventory row: no per-page counterpart was found. Missing per-page source is not deletion approval. Live copy cell has yellow fill (unapproved per owner).","live_only","","","","","False","","","[""/terms/body_2""]","[176]","[""The tour descriptions on this website are plans, and they can change. Exact dates and pricing for the 2027 tours have not been announced. Deposit, payment, and cancellation terms have not been published.""]","[""#FFFF00""]","[""yellow_unapproved""]","live_only","","True","Approve live version | Adopt per-page version | Use a merged version (enter merged_version) | Escalate / needs clarification","","",""
"R0293","/terms/body_3","Approved Site Copy (live-only)","","You cannot book or pay for a tour on this website. Asking to join the waitlist by email does not reserve a place. Any booking terms will be given to you in writing before you commit.","empty_in_per_page","keep_live","Live-only inventory row: no per-page counterpart was found. Missing per-page source is not deletion approval. Waitlist-by-email/no-form wording should be reconciled with the waitlist form and success copy. Live copy cell has yellow fill (unapproved per owner).","live_only","","","","","False","","","[""/terms/body_3""]","[177]","[""You cannot book or pay for a tour on this website. Asking to join the waitlist by email does not reserve a place. Any booking terms will be given to you in writing before you commit.""]","[""#FFFF00""]","[""yellow_unapproved""]","live_only","","True","Approve live version | Adopt per-page version | Use a merged version (enter merged_version) | Escalate / needs clarification","","",""
"R0294","/terms/body_4","Approved Site Copy (live-only)","","Information here, including the Practical Information and Resources pages, is general guidance from John's own experience. Transport schedules, fares, and rules come from other organizations and change. Check them with the operator before you travel.","empty_in_per_page","keep_live","Live-only inventory row: no per-page counterpart was found. Missing per-page source is not deletion approval. Live copy cell has yellow fill (unapproved per owner).","live_only","","","","","False","","","[""/terms/body_4""]","[178]","[""Information here, including the Practical Information and Resources pages, is general guidance from John's own experience. Transport schedules, fares, and rules come from other organizations and change. Check them with the operator before you travel.""]","[""#FFFF00""]","[""yellow_unapproved""]","live_only","","True","Approve live version | Adopt per-page version | Use a merged version (enter merged_version) | Escalate / needs clarification","","",""
"R0295","/terms/body_5","Approved Site Copy (live-only)","","This website links to other websites and to files stored elsewhere. BikeTourFrance.net does not control them.","empty_in_per_page","keep_live","Live-only inventory row: no per-page counterpart was found. Missing per-page source is not deletion approval. Live copy cell has yellow fill (unapproved per owner).","live_only","","","","","False","","","[""/terms/body_5""]","[179]","[""This website links to other websites and to files stored elsewhere. BikeTourFrance.net does not control them.""]","[""#FFFF00""]","[""yellow_unapproved""]","live_only","","True","Approve live version | Adopt per-page version | Use a merged version (enter merged_version) | Escalate / needs clarification","","",""
"R0296","/terms/heading_1","Approved Site Copy (live-only)","","Tour information","empty_in_per_page","keep_live","Live-only inventory row: no per-page counterpart was found. Missing per-page source is not deletion approval. Live copy cell has yellow fill (unapproved per owner).","live_only","","","","","False","","","[""/terms/heading_1""]","[180]","[""Tour information""]","[""#FFFF00""]","[""yellow_unapproved""]","live_only","","True","Approve live version | Adopt per-page version | Use a merged version (enter merged_version) | Escalate / needs clarification","","",""
"R0297","/terms/heading_2","Approved Site Copy (live-only)","","No bookings on this website","empty_in_per_page","keep_live","Live-only inventory row: no per-page counterpart was found. Missing per-page source is not deletion approval. Live copy cell has yellow fill (unapproved per owner).","live_only","","","","","False","","","[""/terms/heading_2""]","[181]","[""No bookings on this website""]","[""#FFFF00""]","[""yellow_unapproved""]","live_only","","True","Approve live version | Adopt per-page version | Use a merged version (enter merged_version) | Escalate / needs clarification","","",""
"R0298","/terms/heading_3","Approved Site Copy (live-only)","","Advice and planning help","empty_in_per_page","keep_live","Live-only inventory row: no per-page counterpart was found. Missing per-page source is not deletion approval. Live copy cell has yellow fill (unapproved per owner).","live_only","","","","","False","","","[""/terms/heading_3""]","[182]","[""Advice and planning help""]","[""#FFFF00""]","[""yellow_unapproved""]","live_only","","True","Approve live version | Adopt per-page version | Use a merged version (enter merged_version) | Escalate / needs clarification","","",""
"R0299","/terms/heading_4","Approved Site Copy (live-only)","","Links to other sites","empty_in_per_page","keep_live","Live-only inventory row: no per-page counterpart was found. Missing per-page source is not deletion approval. Live copy cell has yellow fill (unapproved per owner).","live_only","","","","","False","","","[""/terms/heading_4""]","[183]","[""Links to other sites""]","[""#FFFF00""]","[""yellow_unapproved""]","live_only","","True","Approve live version | Adopt per-page version | Use a merged version (enter merged_version) | Escalate / needs clarification","","",""
"R0300","/terms/meta_description","Approved Site Copy (live-only)","","Terms for using the BikeTourFrance.net website: tour information may change, no bookings are taken on this site, and links lead to other sites.","empty_in_per_page","keep_live","Live-only inventory row: no per-page counterpart was found. Missing per-page source is not deletion approval. Live copy cell has yellow fill (unapproved per owner).","live_only","","","","","False","","","[""/terms/meta_description""]","[184]","[""Terms for using the BikeTourFrance.net website: tour information may change, no bookings are taken on this site, and links lead to other sites.""]","[""#FFFF00""]","[""yellow_unapproved""]","live_only","","True","Approve live version | Adopt per-page version | Use a merged version (enter merged_version) | Escalate / needs clarification","","",""
"R0301","/tours/meta_description","Approved Site Copy (live-only)","","BikeTourFrance.net offers small-group, self-supported bicycle tours in France, a self-guided tour package, and trip-planning help from John.","empty_in_per_page","keep_live","Live-only inventory row: no per-page counterpart was found. Missing per-page source is not deletion approval. Live copy cell has yellow fill (unapproved per owner).","live_only","","","","","False","","","[""/tours/meta_description""]","[195]","[""BikeTourFrance.net offers small-group, self-supported bicycle tours in France, a self-guided tour package, and trip-planning help from John.""]","[""#FFFF00""]","[""yellow_unapproved""]","live_only","","True","Approve live version | Adopt per-page version | Use a merged version (enter merged_version) | Escalate / needs clarification","","",""
"R0302","/tours/meta_title","Approved Site Copy (live-only)","","Bike tours in France: small-group and self-guided","empty_in_per_page","keep_live","Live-only inventory row: no per-page counterpart was found. Missing per-page source is not deletion approval. Live copy cell has yellow fill (unapproved per owner).","live_only","","","","","False","","","[""/tours/meta_title""]","[196]","[""Bike tours in France: small-group and self-guided""]","[""#FFFF00""]","[""yellow_unapproved""]","live_only","","True","Approve live version | Adopt per-page version | Use a merged version (enter merged_version) | Escalate / needs clarification","","",""
"R0303","/waitlist/label_4","Approved Site Copy (live-only)","","Leave this field empty","empty_in_per_page","keep_live","Live-only inventory row: no per-page counterpart was found. Missing per-page source is not deletion approval. Live copy cell has yellow fill (unapproved per owner).","live_only","","","","","False","","","[""/waitlist/label_4""]","[206]","[""Leave this field empty""]","[""#FFFF00""]","[""yellow_unapproved""]","live_only","","True","Approve live version | Adopt per-page version | Use a merged version (enter merged_version) | Escalate / needs clarification","","",""
"R0304","/cdm-facts/copy_14","Approved Site Copy (live-only)","","Your travel to Bordeaux and home from Sète. Guests are on their own from Tuesday morning after the final group night.","empty_in_per_page","keep_live","Live-only inventory row: no per-page counterpart was found. Missing per-page source is not deletion approval. Live copy cell has yellow fill (unapproved per owner).","live_only","","","","","False","","","[""/cdm-facts/copy_14""]","[212]","[""Your travel to Bordeaux and home from Sète. Guests are on their own from Tuesday morning after the final group night.""]","[""#FFFF00""]","[""yellow_unapproved""]","live_only","","True","Approve live version | Adopt per-page version | Use a merged version (enter merged_version) | Escalate / needs clarification","","",""
"R0305","/cdm-facts/copy_15","Approved Site Copy (live-only)","","Your bicycle. Guests bring their own bikes.","empty_in_per_page","keep_live","Live-only inventory row: no per-page counterpart was found. Missing per-page source is not deletion approval. Live copy cell has yellow fill (unapproved per owner).","live_only","","","","","False","","","[""/cdm-facts/copy_15""]","[213]","[""Your bicycle. Guests bring their own bikes.""]","[""#FFFF00""]","[""yellow_unapproved""]","live_only","","True","Approve live version | Adopt per-page version | Use a merged version (enter merged_version) | Escalate / needs clarification","","",""
"R0306","/cdm-facts/copy_16","Approved Site Copy (live-only)","","An e-bike, if you want one. BikeTourFrance.net helps identify a vetted local rental agency in Bordeaux. You contract directly with that agency and must arrive early enough in Bordeaux to collect the bike.","empty_in_per_page","keep_live","Live-only inventory row: no per-page counterpart was found. Missing per-page source is not deletion approval. Live copy cell has yellow fill (unapproved per owner).","live_only","","","","","False","","","[""/cdm-facts/copy_16""]","[214]","[""An e-bike, if you want one. BikeTourFrance.net helps identify a vetted local rental agency in Bordeaux. You contract directly with that agency and must arrive early enough in Bordeaux to collect the bike.""]","[""#FFFF00""]","[""yellow_unapproved""]","live_only","","True","Approve live version | Adopt per-page version | Use a merged version (enter merged_version) | Escalate / needs clarification","","",""
"R0307","/cdm-facts/copy_17","Approved Site Copy (live-only)","","Front and rear panniers. They are required, and you carry all your own clothing and equipment.","empty_in_per_page","keep_live","Live-only inventory row: no per-page counterpart was found. Missing per-page source is not deletion approval. Live copy cell has yellow fill (unapproved per owner).","live_only","","","","","False","","","[""/cdm-facts/copy_17""]","[215]","[""Front and rear panniers. They are required, and you carry all your own clothing and equipment.""]","[""#FFFF00""]","[""yellow_unapproved""]","live_only","","True","Approve live version | Adopt per-page version | Use a merged version (enter merged_version) | Escalate / needs clarification","","",""
"R0308","/cdm-facts/copy_18","Approved Site Copy (live-only)","","A phone with a handlebar mount. RideWithGPS navigation on your phone is required.","empty_in_per_page","keep_live","Live-only inventory row: no per-page counterpart was found. Missing per-page source is not deletion approval. Live copy cell has yellow fill (unapproved per owner).","live_only","","","","","False","","","[""/cdm-facts/copy_18""]","[216]","[""A phone with a handlebar mount. RideWithGPS navigation on your phone is required.""]","[""#FFFF00""]","[""yellow_unapproved""]","live_only","","True","Approve live version | Adopt per-page version | Use a merged version (enter merged_version) | Escalate / needs clarification","","",""
"R0309","/cdm-facts/copy_19","Approved Site Copy (live-only)","","Lunches and snacks.","empty_in_per_page","keep_live","Live-only inventory row: no per-page counterpart was found. Missing per-page source is not deletion approval. Live copy cell has yellow fill (unapproved per owner).","live_only","","","","","False","","","[""/cdm-facts/copy_19""]","[217]","[""Lunches and snacks.""]","[""#FFFF00""]","[""yellow_unapproved""]","live_only","","True","Approve live version | Adopt per-page version | Use a merged version (enter merged_version) | Escalate / needs clarification","","",""
"R0310","/cdm-facts/copy_20","Approved Site Copy (live-only)","","Your two independent dinners, in Toulouse and Carcassonne.","empty_in_per_page","keep_live","Live-only inventory row: no per-page counterpart was found. Missing per-page source is not deletion approval. Live copy cell has yellow fill (unapproved per owner).","live_only","","","","","False","","","[""/cdm-facts/copy_20""]","[219]","[""Your two independent dinners, in Toulouse and Carcassonne.""]","[""#FFFF00""]","[""yellow_unapproved""]","live_only","","True","Approve live version | Adopt per-page version | Use a merged version (enter merged_version) | Escalate / needs clarification","","",""
"R0311","/cdm-facts/copy_21","Approved Site Copy (live-only)","","There is no support van and no luggage transport. You carry everything you bring.","empty_in_per_page","keep_live","Live-only inventory row: no per-page counterpart was found. Missing per-page source is not deletion approval. Live copy cell has yellow fill (unapproved per owner).","live_only","","","","","False","","","[""/cdm-facts/copy_21""]","[220]","[""There is no support van and no luggage transport. You carry everything you bring.""]","[""#FFFF00""]","[""yellow_unapproved""]","live_only","","True","Approve live version | Adopt per-page version | Use a merged version (enter merged_version) | Escalate / needs clarification","","",""
"R0312","/cdm-facts/copy_22","Approved Site Copy (live-only)","","The Canal des Deux Mers is fairly flat, but space on the bike still matters. Pack less than you think you need.","empty_in_per_page","keep_live","Live-only inventory row: no per-page counterpart was found. Missing per-page source is not deletion approval. Live copy cell has yellow fill (unapproved per owner).","live_only","","","","","False","","","[""/cdm-facts/copy_22""]","[221]","[""The Canal des Deux Mers is fairly flat, but space on the bike still matters. Pack less than you think you need.""]","[""#FFFF00""]","[""yellow_unapproved""]","live_only","","True","Approve live version | Adopt per-page version | Use a merged version (enter merged_version) | Escalate / needs clarification","","",""
"R0313","/cdm-facts/copy_23","Approved Site Copy (live-only)","","Guests ride with RideWithGPS navigation on a phone mounted to the handlebars.","empty_in_per_page","keep_live","Live-only inventory row: no per-page counterpart was found. Missing per-page source is not deletion approval. Live copy cell has yellow fill (unapproved per owner).","live_only","","","","","False","","","[""/cdm-facts/copy_23""]","[222]","[""Guests ride with RideWithGPS navigation on a phone mounted to the handlebars.""]","[""#FFFF00""]","[""yellow_unapproved""]","live_only","","True","Approve live version | Adopt per-page version | Use a merged version (enter merged_version) | Escalate / needs clarification","","",""
"R0314","/nav/cdm_tour","Approved Site Copy (live-only)","","Canal des Deux Mers","empty_in_per_page","keep_live","Live-only inventory row: no per-page counterpart was found. Missing per-page source is not deletion approval. Live copy cell has yellow fill (unapproved per owner).","live_only","","","","","False","","","[""/nav/cdm_tour""]","[237]","[""Canal des Deux Mers""]","[""#FFFF00""]","[""yellow_unapproved""]","live_only","","True","Approve live version | Adopt per-page version | Use a merged version (enter merged_version) | Escalate / needs clarification","","",""
"R0315","/nav/terms","Approved Site Copy (live-only)","","Terms","empty_in_per_page","keep_live","Live-only inventory row: no per-page counterpart was found. Missing per-page source is not deletion approval. Live copy cell has yellow fill (unapproved per owner).","live_only","","","","","False","","","[""/nav/terms""]","[240]","[""Terms""]","[""#FFFF00""]","[""yellow_unapproved""]","live_only","","True","Approve live version | Adopt per-page version | Use a merged version (enter merged_version) | Escalate / needs clarification","","",""
"R0316","/nav/cookies","Approved Site Copy (live-only)","","Cookies","empty_in_per_page","keep_live","Live-only inventory row: no per-page counterpart was found. Missing per-page source is not deletion approval. Live copy cell has yellow fill (unapproved per owner).","live_only","","","","","False","","","[""/nav/cookies""]","[241]","[""Cookies""]","[""#FFFF00""]","[""yellow_unapproved""]","live_only","","True","Approve live version | Adopt per-page version | Use a merged version (enter merged_version) | Escalate / needs clarification","","",""
"R0317","/email/general_subject","Approved Site Copy (live-only)","","Question about BikeTourFrance.net","empty_in_per_page","keep_live","Live-only inventory row: no per-page counterpart was found. Missing per-page source is not deletion approval. Live copy cell has yellow fill (unapproved per owner).","live_only","","","","","False","","","[""/email/general_subject""]","[242]","[""Question about BikeTourFrance.net""]","[""#FFFF00""]","[""yellow_unapproved""]","live_only","","True","Approve live version | Adopt per-page version | Use a merged version (enter merged_version) | Escalate / needs clarification","","",""
"R0318","/email/waitlist_subject","Approved Site Copy (live-only)","","2027 Canal des Deux Mers waitlist","empty_in_per_page","keep_live","Live-only inventory row: no per-page counterpart was found. Missing per-page source is not deletion approval. Live copy cell has yellow fill (unapproved per owner).","live_only","","","","","False","","","[""/email/waitlist_subject""]","[243]","[""2027 Canal des Deux Mers waitlist""]","[""#FFFF00""]","[""yellow_unapproved""]","live_only","","True","Approve live version | Adopt per-page version | Use a merged version (enter merged_version) | Escalate / needs clarification","","",""
"R0319","/email/waitlist_body","Approved Site Copy (live-only)","","Hello John,

Please add me to the waitlist for a 2027 Canal des Deux Mers tour.

Name:
Number of riders:
Preferred season (spring or September):
","empty_in_per_page","keep_live","Live-only inventory row: no per-page counterpart was found. Missing per-page source is not deletion approval. Live copy cell has yellow fill (unapproved per owner).","live_only","","","","","False","","","[""/email/waitlist_body""]","[244]","[""Hello John,\n\nPlease add me to the waitlist for a 2027 Canal des Deux Mers tour.\n\nName:\nNumber of riders:\nPreferred season (spring or September):\n""]","[""#FFFF00""]","[""yellow_unapproved""]","live_only","","True","Approve live version | Adopt per-page version | Use a merged version (enter merged_version) | Escalate / needs clarification","","",""
"R0320","/email/mailing_list_subject","Approved Site Copy (live-only)","","BikeTourFrance.net tour updates","empty_in_per_page","keep_live","Live-only inventory row: no per-page counterpart was found. Missing per-page source is not deletion approval. Live copy cell has yellow fill (unapproved per owner).","live_only","","","","","False","","","[""/email/mailing_list_subject""]","[245]","[""BikeTourFrance.net tour updates""]","[""#FFFF00""]","[""yellow_unapproved""]","live_only","","True","Approve live version | Adopt per-page version | Use a merged version (enter merged_version) | Escalate / needs clarification","","",""
"R0321","/email/mailing_list_body","Approved Site Copy (live-only)","","Hello John,

Please send me updates about BikeTourFrance.net tours.

Name:
","empty_in_per_page","keep_live","Live-only inventory row: no per-page counterpart was found. Missing per-page source is not deletion approval. Live copy cell has yellow fill (unapproved per owner).","live_only","","","","","False","","","[""/email/mailing_list_body""]","[246]","[""Hello John,\n\nPlease send me updates about BikeTourFrance.net tours.\n\nName:\n""]","[""#FFFF00""]","[""yellow_unapproved""]","live_only","","True","Approve live version | Adopt per-page version | Use a merged version (enter merged_version) | Escalate / needs clarification","","",""
"R0322","/email/planning_subject","Approved Site Copy (live-only)","","Trip planning help","empty_in_per_page","keep_live","Live-only inventory row: no per-page counterpart was found. Missing per-page source is not deletion approval. Live copy cell has yellow fill (unapproved per owner).","live_only","","","","","False","","","[""/email/planning_subject""]","[247]","[""Trip planning help""]","[""#FFFF00""]","[""yellow_unapproved""]","live_only","","True","Approve live version | Adopt per-page version | Use a merged version (enter merged_version) | Escalate / needs clarification","","",""
"R0323","/email/planning_body","Approved Site Copy (live-only)","","Hello John,

I would like help planning a bike trip in France.

Name:
Where I want to ride:
Approximate time of year:
","empty_in_per_page","keep_live","Live-only inventory row: no per-page counterpart was found. Missing per-page source is not deletion approval. Live copy cell has yellow fill (unapproved per owner).","live_only","","","","","False","","","[""/email/planning_body""]","[248]","[""Hello John,\n\nI would like help planning a bike trip in France.\n\nName:\nWhere I want to ride:\nApproximate time of year:\n""]","[""#FFFF00""]","[""yellow_unapproved""]","live_only","","True","Approve live version | Adopt per-page version | Use a merged version (enter merged_version) | Escalate / needs clarification","","",""
"R0324","/photos/t_1","Approved Site Copy (live-only)","","Créon","empty_in_per_page","keep_live","Live-only inventory row: no per-page counterpart was found. Missing per-page source is not deletion approval. Live copy cell has yellow fill (unapproved per owner).","live_only","","","","","False","","","[""/photos/t_1""]","[264]","[""Créon""]","[""#FFFF00""]","[""yellow_unapproved""]","live_only","","True","Approve live version | Adopt per-page version | Use a merged version (enter merged_version) | Escalate / needs clarification","","",""
"R0325","/cdm-practical/frag_1","Approved Site Copy (live-only)","","Schedules and fares come from the transport operators and were last checked in","empty_in_per_page","keep_live","Live-only inventory row: no per-page counterpart was found. Missing per-page source is not deletion approval. Live copy cell has yellow fill (unapproved per owner).","live_only","","","","","False","","","[""/cdm-practical/frag_1""]","[267]","[""Schedules and fares come from the transport operators and were last checked in""]","[""#FFFF00""]","[""yellow_unapproved""]","live_only","","True","Approve live version | Adopt per-page version | Use a merged version (enter merged_version) | Escalate / needs clarification","","",""
"R0326","/cdm-practical/last_checked","Approved Site Copy (live-only)","","June 2026","empty_in_per_page","keep_live","Live-only inventory row: no per-page counterpart was found. Missing per-page source is not deletion approval.","live_only","","","","","False","","","[""/cdm-practical/last_checked""]","[268]","[""June 2026""]","[""#FFF2CC""]","[""pale_yellow_ambiguous""]","live_only","","True","Approve live version | Adopt per-page version | Use a merged version (enter merged_version) | Escalate / needs clarification","","",""
"R0327","/cdm-practical/frag_2","Approved Site Copy (live-only)","",". Confirm them with TBM and 30'Direct before you travel.","empty_in_per_page","keep_live","Live-only inventory row: no per-page counterpart was found. Missing per-page source is not deletion approval. Live copy cell has yellow fill (unapproved per owner).","live_only","","","","","False","","","[""/cdm-practical/frag_2""]","[269]","["". Confirm them with TBM and 30'Direct before you travel.""]","[""#FFFF00""]","[""yellow_unapproved""]","live_only","","True","Approve live version | Adopt per-page version | Use a merged version (enter merged_version) | Escalate / needs clarification","","",""
"R0328","/cdm/frag_2","Approved Site Copy (live-only)","","Dates and pricing are not final.","empty_in_per_page","keep_live","Live-only inventory row: no per-page counterpart was found. Missing per-page source is not deletion approval. Live copy cell has yellow fill (unapproved per owner).","live_only","","","","","False","","","[""/cdm/frag_2""]","[272]","[""Dates and pricing are not final.""]","[""#FFFF00""]","[""yellow_unapproved""]","live_only","","True","Approve live version | Adopt per-page version | Use a merged version (enter merged_version) | Escalate / needs clarification","","",""
"R0329","/resources-page/frag_6","Approved Site Copy (live-only)","","Your browser cannot play this audio. Use the download link instead.","empty_in_per_page","keep_live","Live-only inventory row: no per-page counterpart was found. Missing per-page source is not deletion approval. Live copy cell has yellow fill (unapproved per owner).","live_only","","","","","False","","","[""/resources-page/frag_6""]","[292]","[""Your browser cannot play this audio. Use the download link instead.""]","[""#FFFF00""]","[""yellow_unapproved""]","live_only","","True","Approve live version | Adopt per-page version | Use a merged version (enter merged_version) | Escalate / needs clarification","","",""
"R0330","/resources-page/frag_7","Approved Site Copy (live-only)","","Download","empty_in_per_page","keep_live","Live-only inventory row: no per-page counterpart was found. Missing per-page source is not deletion approval. Live copy cell has yellow fill (unapproved per owner).","live_only","","","","","False","","","[""/resources-page/frag_7""]","[293]","[""Download""]","[""#FFFF00""]","[""yellow_unapproved""]","live_only","","True","Approve live version | Adopt per-page version | Use a merged version (enter merged_version) | Escalate / needs clarification","","",""
"R0331","/resources-x/p_1","Approved Site Copy (live-only)","","Resources for planning a self-supported bike tour in France","empty_in_per_page","keep_live","Live-only inventory row: no per-page counterpart was found. Missing per-page source is not deletion approval. Live copy cell has yellow fill (unapproved per owner).","live_only","","","","","False","","","[""/resources-x/p_1""]","[305]","[""Resources for planning a self-supported bike tour in France""]","[""#FFFF00""]","[""yellow_unapproved""]","live_only","","True","Approve live version | Adopt per-page version | Use a merged version (enter merged_version) | Escalate / needs clarification","","",""
"R0332","/ui-included/frag_1","Approved Site Copy (live-only)","","What is included, and what you arrange separately","empty_in_per_page","keep_live","Live-only inventory row: no per-page counterpart was found. Missing per-page source is not deletion approval. Live copy cell has yellow fill (unapproved per owner).","live_only","","","","","False","","","[""/ui-included/frag_1""]","[329]","[""What is included, and what you arrange separately""]","[""#FFFF00""]","[""yellow_unapproved""]","live_only","","True","Approve live version | Adopt per-page version | Use a merged version (enter merged_version) | Escalate / needs clarification","","",""
"R0333","/ui-included/frag_2","Approved Site Copy (live-only)","","Included","empty_in_per_page","keep_live","Live-only inventory row: no per-page counterpart was found. Missing per-page source is not deletion approval. Live copy cell has yellow fill (unapproved per owner).","live_only","","","","","False","","","[""/ui-included/frag_2""]","[330]","[""Included""]","[""#FFFF00""]","[""yellow_unapproved""]","live_only","","True","Approve live version | Adopt per-page version | Use a merged version (enter merged_version) | Escalate / needs clarification","","",""
"R0334","/ui-included/frag_3","Approved Site Copy (live-only)","","You arrange separately","empty_in_per_page","keep_live","Live-only inventory row: no per-page counterpart was found. Missing per-page source is not deletion approval. Live copy cell has yellow fill (unapproved per owner).","live_only","","","","","False","","","[""/ui-included/frag_3""]","[331]","[""You arrange separately""]","[""#FFFF00""]","[""yellow_unapproved""]","live_only","","True","Approve live version | Adopt per-page version | Use a merged version (enter merged_version) | Escalate / needs clarification","","",""
"R0335","/cdm-practical/q1_title","Approved Site Copy (live-only)","","What is it?","empty_in_per_page","keep_live","Live-only inventory row: no per-page counterpart was found. Missing per-page source is not deletion approval. Live copy cell has yellow fill (unapproved per owner).","live_only","","","","","False","","","[""/cdm-practical/q1_title""]","[332]","[""What is it?""]","[""#FFFF00""]","[""yellow_unapproved""]","live_only","","True","Approve live version | Adopt per-page version | Use a merged version (enter merged_version) | Escalate / needs clarification","","",""
"R0336","/cdm-practical/q1_tram","Approved Site Copy (live-only)","","Direct tram connection from Bordeaux Airport (Mérignac) to Gare Saint-Jean (main train station). Launched Dec 6, 2025.","empty_in_per_page","keep_live","Live-only inventory row: no per-page counterpart was found. Missing per-page source is not deletion approval. Live copy cell has yellow fill (unapproved per owner).","live_only","","","","","False","","","[""/cdm-practical/q1_tram""]","[333]","[""Direct tram connection from Bordeaux Airport (Mérignac) to Gare Saint-Jean (main train station). Launched Dec 6, 2025.""]","[""#FFFF00""]","[""yellow_unapproved""]","live_only","","True","Approve live version | Adopt per-page version | Use a merged version (enter merged_version) | Escalate / needs clarification","","",""
"R0337","/cdm-practical/q1_bus","Approved Site Copy (live-only)","","Direct coach shuttle from Bordeaux Airport to Gare Saint-Jean. No intermediate stops, no transfers.","empty_in_per_page","keep_live","Live-only inventory row: no per-page counterpart was found. Missing per-page source is not deletion approval. Live copy cell has yellow fill (unapproved per owner).","live_only","","","","","False","","","[""/cdm-practical/q1_bus""]","[334]","[""Direct coach shuttle from Bordeaux Airport to Gare Saint-Jean. No intermediate stops, no transfers.""]","[""#FFFF00""]","[""yellow_unapproved""]","live_only","","True","Approve live version | Adopt per-page version | Use a merged version (enter merged_version) | Escalate / needs clarification","","",""
"R0338","/cdm-practical/q2_title","Approved Site Copy (live-only)","","How often does it run?","empty_in_per_page","keep_live","Live-only inventory row: no per-page counterpart was found. Missing per-page source is not deletion approval. Live copy cell has yellow fill (unapproved per owner).","live_only","","","","","False","","","[""/cdm-practical/q2_title""]","[335]","[""How often does it run?""]","[""#FFFF00""]","[""yellow_unapproved""]","live_only","","True","Approve live version | Adopt per-page version | Use a merged version (enter merged_version) | Escalate / needs clarification","","",""
"R0339","/cdm-practical/q2_tram","Approved Site Copy (live-only)","","Every 10 min (Mon–Sat) / Every 15 min (Sun/holidays). First: ~5am. Last: Midnight (Mon–Wed), 1am (Thu–Sat)","empty_in_per_page","keep_live","Live-only inventory row: no per-page counterpart was found. Missing per-page source is not deletion approval. Live copy cell has yellow fill (unapproved per owner).","live_only","","","","","False","","","[""/cdm-practical/q2_tram""]","[336]","[""Every 10 min (Mon–Sat) / Every 15 min (Sun/holidays). First: ~5am. Last: Midnight (Mon–Wed), 1am (Thu–Sat)""]","[""#FFFF00""]","[""yellow_unapproved""]","live_only","","True","Approve live version | Adopt per-page version | Use a merged version (enter merged_version) | Escalate / needs clarification","","",""
"R0340","/cdm-practical/q2_bus","Approved Site Copy (live-only)","","Limited: 07:30–20:05 daily. Mon–Fri: ~22 runs. Sat/Sun: ~14 runs. Not available early morning or late evening.","empty_in_per_page","keep_live","Live-only inventory row: no per-page counterpart was found. Missing per-page source is not deletion approval. Live copy cell has yellow fill (unapproved per owner).","live_only","","","","","False","","","[""/cdm-practical/q2_bus""]","[337]","[""Limited: 07:30–20:05 daily. Mon–Fri: ~22 runs. Sat/Sun: ~14 runs. Not available early morning or late evening.""]","[""#FFFF00""]","[""yellow_unapproved""]","live_only","","True","Approve live version | Adopt per-page version | Use a merged version (enter merged_version) | Escalate / needs clarification","","",""
"R0341","/cdm-practical/q3_title","Approved Site Copy (live-only)","","How long does it take?","empty_in_per_page","keep_live","Live-only inventory row: no per-page counterpart was found. Missing per-page source is not deletion approval. Live copy cell has yellow fill (unapproved per owner).","live_only","","","","","False","","","[""/cdm-practical/q3_title""]","[338]","[""How long does it take?""]","[""#FFFF00""]","[""yellow_unapproved""]","live_only","","True","Approve live version | Adopt per-page version | Use a merged version (enter merged_version) | Escalate / needs clarification","","",""
"R0342","/cdm-practical/q3_tram","Approved Site Copy (live-only)","","~45 minutes. Direct, no transfers.","empty_in_per_page","keep_live","Live-only inventory row: no per-page counterpart was found. Missing per-page source is not deletion approval. Live copy cell has yellow fill (unapproved per owner).","live_only","","","","","False","","","[""/cdm-practical/q3_tram""]","[339]","[""~45 minutes. Direct, no transfers.""]","[""#FFFF00""]","[""yellow_unapproved""]","live_only","","True","Approve live version | Adopt per-page version | Use a merged version (enter merged_version) | Escalate / needs clarification","","",""
"R0343","/cdm-practical/q3_bus","Approved Site Copy (live-only)","","~30 minutes (traffic dependent)","empty_in_per_page","keep_live","Live-only inventory row: no per-page counterpart was found. Missing per-page source is not deletion approval. Live copy cell has yellow fill (unapproved per owner).","live_only","","","","","False","","","[""/cdm-practical/q3_bus""]","[340]","[""~30 minutes (traffic dependent)""]","[""#FFFF00""]","[""yellow_unapproved""]","live_only","","True","Approve live version | Adopt per-page version | Use a merged version (enter merged_version) | Escalate / needs clarification","","",""
"R0344","/cdm-practical/q4_title","Approved Site Copy (live-only)","","How much does it cost?","empty_in_per_page","keep_live","Live-only inventory row: no per-page counterpart was found. Missing per-page source is not deletion approval. Live copy cell has yellow fill (unapproved per owner).","live_only","","","","","False","","","[""/cdm-practical/q4_title""]","[341]","[""How much does it cost?""]","[""#FFFF00""]","[""yellow_unapproved""]","live_only","","True","Approve live version | Adopt per-page version | Use a merged version (enter merged_version) | Escalate / needs clarification","","",""
"R0345","/cdm-practical/q4_tram","Approved Site Copy (live-only)","","€1.90 per ticket","empty_in_per_page","keep_live","Live-only inventory row: no per-page counterpart was found. Missing per-page source is not deletion approval. Live copy cell has yellow fill (unapproved per owner).","live_only","","","","","False","","","[""/cdm-practical/q4_tram""]","[342]","[""€1.90 per ticket""]","[""#FFFF00""]","[""yellow_unapproved""]","live_only","","True","Approve live version | Adopt per-page version | Use a merged version (enter merged_version) | Escalate / needs clarification","","",""
"R0346","/cdm-practical/q4_bus","Approved Site Copy (live-only)","","€9 online / €10 on board","empty_in_per_page","keep_live","Live-only inventory row: no per-page counterpart was found. Missing per-page source is not deletion approval. Live copy cell has yellow fill (unapproved per owner).","live_only","","","","","False","","","[""/cdm-practical/q4_bus""]","[343]","[""€9 online / €10 on board""]","[""#FFFF00""]","[""yellow_unapproved""]","live_only","","True","Approve live version | Adopt per-page version | Use a merged version (enter merged_version) | Escalate / needs clarification","","",""
"R0347","/cdm-practical/q5_title","Approved Site Copy (live-only)","","What about my bike?","empty_in_per_page","keep_live","Live-only inventory row: no per-page counterpart was found. Missing per-page source is not deletion approval. Live copy cell has yellow fill (unapproved per owner).","live_only","","","","","False","","","[""/cdm-practical/q5_title""]","[344]","[""What about my bike?""]","[""#FFFF00""]","[""yellow_unapproved""]","live_only","","True","Approve live version | Adopt per-page version | Use a merged version (enter merged_version) | Escalate / needs clarification","","",""
"R0348","/cdm-practical/q5_tram","Approved Site Copy (live-only)","","✅ Bikes in cases: Always
✅ Bikes not in cases: 9am–4pm only
❌ NOT 7am–9am or 4pm–7pm
Pack in case to avoid rush hours.
TBM Bicycle Rules: 05 57 57 88 88","empty_in_per_page","keep_live","Live-only inventory row: no per-page counterpart was found. Missing per-page source is not deletion approval. Live copy cell has yellow fill (unapproved per owner).","live_only","","","","","False","","","[""/cdm-practical/q5_tram""]","[345]","[""✅ Bikes in cases: Always\n✅ Bikes not in cases: 9am–4pm only\n❌ NOT 7am–9am or 4pm–7pm\nPack in case to avoid rush hours.\nTBM Bicycle Rules: 05 57 57 88 88""]","[""#FFFF00""]","[""yellow_unapproved""]","live_only","","True","Approve live version | Adopt per-page version | Use a merged version (enter merged_version) | Escalate / needs clarification","","",""
"R0349","/cdm-practical/q5_bus","Approved Site Copy (live-only)","","✅ Bikes in cases: Yes
✅ Bikes not in cases: Yes
Requirement: Closed bag, labeled with name, phone, address.
Carrier may refuse oversized items.
Bikes not in cases = anytime transport (no restrictions).
30'Direct FAQ: 30direct.com","empty_in_per_page","keep_live","Live-only inventory row: no per-page counterpart was found. Missing per-page source is not deletion approval. Live copy cell has yellow fill (unapproved per owner).","live_only","","","","","False","","","[""/cdm-practical/q5_bus""]","[346]","[""✅ Bikes in cases: Yes\n✅ Bikes not in cases: Yes\nRequirement: Closed bag, labeled with name, phone, address.\nCarrier may refuse oversized items.\nBikes not in cases = anytime transport (no restrictions).\n30'Direct FAQ: 30direct.com""]","[""#FFFF00""]","[""yellow_unapproved""]","live_only","","True","Approve live version | Adopt per-page version | Use a merged version (enter merged_version) | Escalate / needs clarification","","",""
"R0350","/cdm-practical/q6_title","Approved Site Copy (live-only)","","How do I book?","empty_in_per_page","keep_live","Live-only inventory row: no per-page counterpart was found. Missing per-page source is not deletion approval. Live copy cell has yellow fill (unapproved per owner).","live_only","","","","","False","","","[""/cdm-practical/q6_title""]","[347]","[""How do I book?""]","[""#FFFF00""]","[""yellow_unapproved""]","live_only","","True","Approve live version | Adopt per-page version | Use a merged version (enter merged_version) | Escalate / needs clarification","","",""
"R0351","/cdm-practical/q6_tram","Approved Site Copy (live-only)","","No booking required. Buy ticket at tram stop (vending machine), TBM mobile app (Bordeaux transit app), or Relay newsstand at airport.

To board: Validate your ticket on the platform or onboard validators (card readers, white validators, or TBM app via Bluetooth). Self-validate and board—no ticket inspection.","empty_in_per_page","keep_live","Live-only inventory row: no per-page counterpart was found. Missing per-page source is not deletion approval. Live copy cell has yellow fill (unapproved per owner).","live_only","","","","","False","","","[""/cdm-practical/q6_tram""]","[348]","[""No booking required. Buy ticket at tram stop (vending machine), TBM mobile app (Bordeaux transit app), or Relay newsstand at airport.\n\nTo board: Validate your ticket on the platform or onboard validators (card readers, white validators, or TBM app via Bluetooth). Self-validate and board—no ticket inspection.""]","[""#FFFF00""]","[""yellow_unapproved""]","live_only","","True","Approve live version | Adopt per-page version | Use a merged version (enter merged_version) | Escalate / needs clarification","","",""
"R0352","/cdm-practical/q6_bus","Approved Site Copy (live-only)","","Book online at 30direct.com or pay €10 on board. Book in advance for €9 rate.

To board: Show your ticket to the driver (printed, phone e-ticket, or mobile). Tickets can be purchased directly from the driver. Visa/Mastercard accepted onboard (American Express not accepted).","empty_in_per_page","keep_live","Live-only inventory row: no per-page counterpart was found. Missing per-page source is not deletion approval. Live copy cell has yellow fill (unapproved per owner).","live_only","","","","","False","","","[""/cdm-practical/q6_bus""]","[349]","[""Book online at 30direct.com or pay €10 on board. Book in advance for €9 rate.\n\nTo board: Show your ticket to the driver (printed, phone e-ticket, or mobile). Tickets can be purchased directly from the driver. Visa/Mastercard accepted onboard (American Express not accepted).""]","[""#FFFF00""]","[""yellow_unapproved""]","live_only","","True","Approve live version | Adopt per-page version | Use a merged version (enter merged_version) | Escalate / needs clarification","","",""
"R0353","/waitlist/meta_title","Approved Site Copy (live-only)","","Join the 2027 Tour Waitlist","empty_in_per_page","keep_live","Live-only inventory row: no per-page counterpart was found. Missing per-page source is not deletion approval. Live copy cell has yellow fill (unapproved per owner).","live_only","","","","","False","","","[""/waitlist/meta_title""]","[351]","[""Join the 2027 Tour Waitlist""]","[""#FFFF00""]","[""yellow_unapproved""]","live_only","","True","Approve live version | Adopt per-page version | Use a merged version (enter merged_version) | Escalate / needs clarification","","",""
"R0354","/waitlist/meta_description","Approved Site Copy (live-only)","","Join the BikeTourFrance.net 2027 tour waitlist and hear first when 2027 tours are finalized.","empty_in_per_page","keep_live","Live-only inventory row: no per-page counterpart was found. Missing per-page source is not deletion approval. Live copy cell has yellow fill (unapproved per owner).","live_only","","","","","False","","","[""/waitlist/meta_description""]","[352]","[""Join the BikeTourFrance.net 2027 tour waitlist and hear first when 2027 tours are finalized.""]","[""#FFFF00""]","[""yellow_unapproved""]","live_only","","True","Approve live version | Adopt per-page version | Use a merged version (enter merged_version) | Escalate / needs clarification","","",""
